repo,baseline,rv,rv(x),hb,hb(x),hbepoch,hbepoch(x),shb,shb(x),shbepoch,shbepoch(x),fhb,fhb(x),lockset,lockset(x),goldilocks,goldilocks(x),wcp,wcp(x),syncp,syncp(x)
rbuck/java-retry,265.1,1436.1,5.4,453.4,1.7,480.9,1.8,486.0,1.8,465.5,1.8,476.7,1.8,483.7,1.8,481.9,1.8,451.4,1.7,652.6,2.5
mikebrock/jboss-websockets,571.7,1996.9,3.5,730.9,1.3,697.8,1.2,701.1,1.2,697.3,1.2,735.0,1.3,744.5,1.3,723.3,1.3,1295.1,2.3,11304.0,19.8
PhantomThief/thrift-pool-client,314.4,1062.0,3.4,626.7,2.0,641.0,2.0,611.2,1.9,607.2,1.9,628.7,2.0,613.7,2.0,655.7,2.1,1240.9,3.9,14409.8,45.8
hackingwu/Java-Promise,248.4,580.1,2.3,478.4,1.9,489.2,2.0,494.0,2.0,476.6,1.9,470.9,1.9,487.2,2.0,478.5,1.9,489.2,2.0,659.5,2.7
520github/fw-parallel-task,247.8,597.3,2.4,558.8,2.3,541.4,2.2,545.4,2.2,561.7,2.3,543.3,2.2,562.2,2.3,536.6,2.2,551.6,2.2,1756.2,7.1
anomalizer/tungsten-fsm,231.4,512.1,2.2,606.3,2.6,626.6,2.7,645.2,2.8,632.4,2.7,631.5,2.7,632.2,2.7,647.2,2.8,660.2,2.9,11381.3,49.2
ihaolin/wechat,239.6,646.3,2.7,579.6,2.4,548.2,2.3,560.7,2.3,560.8,2.3,568.9,2.4,560.4,2.3,552.5,2.3,560.7,2.3,758.6,3.2
rovats/java-utils,239.6,576.5,2.4,460.5,1.9,440.6,1.8,431.1,1.8,442.4,1.8,444.4,1.9,426.0,1.8,454.6,1.9,439.1,1.8,6340.5,26.5
MountCloud/ffmpeg-operate,235.5,577.4,2.5,667.7,2.8,632.8,2.7,622.6,2.6,651.9,2.8,650.1,2.8,648.4,2.8,632.9,2.7,658.0,2.8,14079,59.8
zman2013/scuttlebutt,373.4,790.3,2.1,2193.1,5.9,2101.0,5.6,2425.8,6.5,2325.3,6.2,2265.9,6.1,2389.7,6.4,2956.3,7.9,11150.2,29.9,TO,
offbynull/portmapper,410.8,733.3,1.8,722.6,1.8,720.6,1.8,725.9,1.8,721.9,1.8,826.6,2.0,722.4,1.8,717.2,1.7,1065.1,2.6,TO,
sdorra/ldap-unit,333.6,728.0,2.2,4456.3,13.4,4434.9,13.3,1400.7,4.2,4502.0,13.5,4918.1,14.7,2267.7,6.8,9385.9,28.1,23978.8,71.9,TO,
kurbatov/firmata4j,286.3,702.4,2.5,579.5,2.0,607.2,2.1,601.2,2.1,598.6,2.1,608.2,2.1,606.7,2.1,600.7,2.1,635.2,2.2,13890.3,48.5
Azure-Samples/cassandra-proxy,307.5,770.7,2.5,742.9,2.4,717,2.3,892.0,2.9,898.4,2.9,1526.8,5.0,744.8,2.4,2005.9,6.5,25259.6,82.1,TO,
tguzik/m2u,275.3,780.8,2.8,776.3,2.8,757.6,2.8,744.1,2.7,733.5,2.7,759.6,2.8,774.7,2.8,2819.7,10.2,11336.6,41.2,TO,
j-easy/easy-flows,279.0,859.3,3.1,6688.7,24.0,7213.3,25.9,6540.7,23.4,5794.7,20.8,7399.1,26.5,5474.9,19.6,6736.7,24.1,32790.0,117.5,TO,
cilogi/gaeshiro,264.2,1171.1,4.4,1042.1,3.9,1147.3,4.3,1373.3,5.2,983.9,3.7,1697.0,6.4,1028.3,3.9,2540.4,9.6,21301.0,80.6,TO,
VaughnVernon/mockroservices-java,266.4,723.2,2.7,687.3,2.6,697.5,2.6,697.1,2.6,705.4,2.6,720.1,2.7,676.9,2.5,703.9,2.6,1970.3,7.4,TO,
jiangxincode/SearchEngine,281.6,631.2,2.2,511.9,1.8,493.9,1.8,509.9,1.8,509.2,1.8,505.4,1.8,510.0,1.8,494.7,1.8,517.5,1.8,998.8,3.5
dubasdey/portable-ftp-server,271.0,741.5,2.7,675.5,2.5,687.2,2.5,688.8,2.5,687.3,2.5,684.5,2.5,699.0,2.6,684.5,2.5,700.2,2.6,14814,54.7
opentracing-contrib/java-concurrent,235.5,667.7,2.8,516.1,2.2,521.9,2.2,544.8,2.3,512.0,2.2,552.1,2.3,525.5,2.2,542.7,2.3,2269.2,9.6,TO,
javadelight/delight-fileupload,423.5,651.0,1.5,659.5,1.6,653.2,1.5,674.8,1.6,646.4,1.5,655.0,1.5,649.4,1.5,667.3,1.6,669.7,1.6,12241.5,28.9
dyorgio/cpu-watcher,533.9,738.7,1.4,687.6,1.3,684.4,1.3,722.2,1.4,692.9,1.3,4055.3,7.6,2205.1,4.1,1951.2,3.7,32526.7,60.9,TO,
ashenwgt/awesome-bdd-with-cucumber,251.2,734.4,2.9,706.9,2.8,718.2,2.9,814.6,3.2,753.5,3.0,785.0,3.1,883.6,3.5,1705.6,6.8,16197.9,64.5,TO,
Skullabs/powerlib,249.9,557.5,2.2,490.4,2.0,487.2,1.9,484.4,1.9,495.6,2.0,497.9,2.0,492.8,2.0,495.6,2.0,498.3,2.0,725.6,2.9
tv2norge-collab/java-serf-client,268.9,559.6,2.1,584.4,2.2,615.6,2.3,571.7,2.1,614.3,2.3,583.3,2.2,591.3,2.2,605.9,2.3,619.1,2.3,4553.9,16.9
alibaba-rsocket-broker/rsocket-broker-gateway-mqtt,309.1,715.8,2.3,677.6,2.2,691.2,2.2,688.2,2.2,688.2,2.2,682.0,2.2,696.5,2.3,718.5,2.3,703.5,2.3,8891.3,28.8
Bernardo-MG/repository-pattern-java,349.4,715.1,2.0,720.1,2.1,725.4,2.1,713.6,2.0,702.9,2.0,770.0,2.2,704.3,2.0,802.5,2.3,3406.9,9.8,TO,
laforge49/JFile,276.0,1543.6,5.6,2958.7,10.7,1376.7,5.0,2947.1,10.7,3298.3,11.9,5548.1,20.1,3267.6,11.8,5460.8,19.8,TO,,TO,
ronmamo/reflections,306.0,1045.3,3.4,3273.3,10.7,2033.2,6.6,3336.3,10.9,3267.5,10.7,7642.7,25.0,2098.4,6.9,7862.7,25.7,TO,,TO,
syphr42/prom,279.5,782.2,2.8,699.4,2.5,692.3,2.5,714.1,2.6,723.2,2.6,720.9,2.6,698.7,2.5,895.0,3.2,31731.4,113.5,TO,
jclawson/jackson-dataformat-hocon,264,780.6,3.0,1983.7,7.5,1634.5,6.2,2007.5,7.6,1938.4,7.3,2186.4,8.3,1764.4,6.7,2498.5,9.5,7602.3,28.8,TO,
xebia-france/xebia-servlet-extras,307.7,777.4,2.5,1317.3,4.3,1559.1,5.1,1278.7,4.2,1297.5,4.2,2457.9,8.0,1299.8,4.2,2843.5,9.2,TO,,TO,
vbauer/herald,372.4,1338.5,3.6,4148.5,11.1,3713.1,10.0,5710.6,15.3,5634.2,15.1,11780.2,31.6,3417.1,9.2,29497.2,79.2,TO,,TO,
kevinsawicki/http-request,379.0,1354.6,3.6,794.1,2.1,811.8,2.1,2499.4,6.6,2230.6,5.9,15170.1,40.0,2078.7,5.5,TO,,TO,,TO,
majusko/grpc-jwt-spring-boot-starter,414.5,2877.7,6.9,5314.2,12.8,4689.4,11.3,5615.9,13.5,5687.5,13.7,12297.4,29.7,4269.4,10.3,TO,,TO,,TO,
kevinsawicki/etag-cache,341.7,833.7,2.4,759.2,2.2,739.6,2.2,742.3,2.2,727.1,2.1,1390.4,4.1,750.5,2.2,1406.6,4.1,TO,,TO,
jalpedersen/jetty-hazelcast,256.6,797.1,3.1,5300.4,20.7,2363.4,9.2,5028.2,19.6,4570.4,17.8,8173.5,31.9,4632.1,18.1,14977.7,58.4,TO,,TO,
zhanyeye/DesSim,270.3,3204.7,11.9,1398.1,5.2,1262.5,4.7,1211.9,4.5,1004.7,3.7,TO,,1446.2,5.3,TO,,18668.0,69.1,TO,
buddycloud/channel-directory,268.3,1118.8,4.2,1962.7,7.3,3691.8,13.8,7687.4,28.7,4943.5,18.4,17660.7,65.8,7626.0,28.4,TO,,TO,,TO,
520github/fw-perf-test,235.5,18578.7,78.9,680.4,2.9,685.1,2.9,705.3,3.0,695.7,3.0,720.6,3.1,717.8,3.0,1705.8,7.2,13928.9,59.1,TO,
NetsOSS/embedded-jetty,365.4,1076.2,2.9,1705.3,4.7,1225.2,3.4,2077.1,5.7,3162.0,8.7,5490.8,15.0,1251.3,3.4,13407.8,36.7,TO,,TO,
undera/perfmon-agent,365.5,730.9,2.0,752.4,2.1,723.6,2.0,731.0,2.0,732.1,2.0,758.4,2.1,726.0,2.0,1202.3,3.3,6273.3,17.2,TO,
spotify/hadoop-openpgp-codec,373.1,734.9,2.0,1352.3,3.6,798.5,2.1,1166.2,3.1,782.3,2.1,1525.0,4.1,779.7,2.1,3251.1,8.7,19555.0,52.4,TO,
InfoSec812/sonar-auth-google,399.3,775.1,1.9,770.1,1.9,757.1,1.9,3280.6,8.2,1259.1,3.2,4918.7,12.3,735.8,1.8,3463.7,8.7,TO,,TO,
jillesvangurp/spring-depend,441.6,773.0,1.8,821.9,1.9,737.5,1.7,1126.2,2.6,1141.8,2.6,3380.6,7.7,819.4,1.9,22545.3,51.1,TO,,TO,
Ardesco/driver-binary-downloader-maven-plugin,338.8,1336.7,3.9,11511.0,34.0,10545.7,31.1,11681.3,34.5,11477.4,33.9,16727.2,49.4,10598.6,31.3,TO,,TO,,TO,
agapsys/embedded-servlet-container,243.7,804.2,3.3,1578.3,6.5,975.8,4.0,2055.1,8.4,1767.6,7.3,22854.9,93.8,1044.2,4.3,TO,,TO,,TO,
m-czernek/acrobot,561.9,3609.9,6.4,13048.8,23.2,11106.5,19.8,12562.3,22.4,12465.7,22.2,25101.2,44.7,11502.5,20.5,TO,,TO,,TO,
bingoohuang/westid,276.9,2468.7,8.9,1544.6,5.6,1278.0,4.6,2107.6,7.6,2019.6,7.3,2595.8,9.4,1565.5,5.7,TO,,17420.6,62.9,TO,
JavaMoney/jsr354-ri-bp,847.5,6903.1,8.1,3224.4,3.8,1954.4,2.3,12708.6,15.0,12298.5,14.5,17199.2,20.3,13830.4,16.3,32757.4,38.7,32492.9,38.3,TO,
buddycloud/buddycloud-server-java,644.3,1287.6,2.0,1298.9,2.0,TO,,1295.2,2.0,1341.8,2.1,1286.6,2.0,1332.4,2.1,1213.8,1.9,1285.3,2.0,1248.5,1.9
proofpoint/event-collector,637.5,7027.1,11.0,27208.1,42.7,12828.8,20.1,23821.2,37.4,22635.0,35.5,TO,,3491.5,5.5,TO,,TO,,TO,
dsmiley/SOLR-2155,597.7,2148.7,3.6,5014.3,8.4,5186.6,8.7,6398.5,10.7,6819.5,11.4,11791.9,19.7,TO,,TO,,TO,,TO,
named-data/jndn,268.2,1118.6,4.2,1446.1,5.4,1282.4,4.8,6397.5,23.9,2004.8,7.5,7213.1,26.9,909.6,3.4,12710.5,47.4,TO,,TO,
phylogeography/spread,679.1,4162.9,6.1,TO,,TO,,TO,,TO,,TO,,TO,,TO,,TO,,TO,
phylogeography/SPREAD,676.7,3857.6,5.7,TO,,TO,,TO,,TO,,TO,,TO,,TO,,TO,,TO,
RuntimeTools/javametrics,486.4,625.6,1.3,633.2,1.3,636.0,1.3,634.8,1.3,623.7,1.3,635.3,1.3,622.8,1.3,625.7,1.3,635.1,1.3,FAIL,
gilbutITbook/006955,233.5,736.0,3.2,646.2,2.8,661.6,2.8,643.8,2.8,650.6,2.8,644.0,2.8,653.5,2.8,663.6,2.8,652.8,2.8,FAIL,
blackdoor/blackdoor,330.5,563.6,1.7,661.9,2.0,671.8,2.0,667.4,2.0,686.8,2.1,663.7,2.0,670.7,2.0,687.4,2.1,739.5,2.2,FAIL,
spotify/trickle,255.4,773.6,3.0,1027.7,4.0,910.7,3.6,2454.6,9.6,1543.6,6.0,5686.3,22.3,736.6,2.9,27300.7,106.9,FAIL,,TO,
uia4j/uia-sim,271.4,1815.8,6.7,6178.5,22.8,5439.6,20.0,6217.9,22.9,6001.7,22.1,12418.7,45.8,5903.7,21.8,13977.8,51.5,FAIL,,TO,
seaswalker/netty-wheel,267.7,685.9,2.6,633.9,2.4,650.5,2.4,634.6,2.4,634.4,2.4,640.2,2.4,617.5,2.3,616.1,2.3,656.4,2.5,FAIL,
graylog-labs/log4j2-gelf,272.4,1169.4,4.3,3283.8,12.1,1743.1,6.4,4596.6,16.9,3929.2,14.4,4726.4,17.3,4053.8,14.9,5430.1,19.9,FAIL,,TO,
rjo1970/dumbster,259.7,612.4,2.4,690.7,2.7,679.8,2.6,706.7,2.7,696.0,2.7,1367.8,5.3,689.7,2.7,1999.4,7.7,FAIL,,TO,
SonarSource/sonar-auth-bitbucket,313.0,791.2,2.5,5400.2,17.3,4495.5,14.4,4863.0,15.5,4703.0,15.0,6681.3,21.3,4231.8,13.5,6441.1,20.6,FAIL,,TO,
GoogleCloudPlatform/appengine-angular-guestbook-java,277.5,1097.8,4.0,748.7,2.7,696.9,2.5,930.2,3.4,1001.4,3.6,1747.5,6.3,769.9,2.8,9040.0,32.6,FAIL,,TO,
arquillian/arquillian-container-openshift,410.1,999.1,2.4,701.9,1.7,708.1,1.7,938.1,2.3,1387.6,3.4,1192.0,2.9,708.1,1.7,6319.9,15.4,FAIL,,TO,
matthewhorridge/binaryowl,329.2,1880.2,5.7,4423.8,13.4,3690.3,11.2,4630.0,14.1,3407.9,10.4,5548.5,16.9,4114.6,12.5,11266.6,34.2,TO,,FAIL,
probedock/probedock-demo-junit,330.9,734.0,2.2,703.3,2.1,756.0,2.3,1763.7,5.3,694.9,2.1,7561.9,22.9,1267.8,3.8,2002.4,6.1,TO,,FAIL,
alexvictoor/netty-livereload,251.9,703.1,2.8,716.4,2.8,705.3,2.8,712.7,2.8,700.2,2.8,721.5,2.9,718.9,2.9,703.4,2.8,1008.4,4.0,FAIL,
chyxion/table-to-xls,277.4,1874.6,6.8,3128.2,11.3,3006.3,10.8,4272,15.4,3616.2,13.0,11683.8,42.1,2812.5,10.1,4546.0,16.4,FAIL,,TO,
spotify/async-datastore-client,303.3,1042.0,3.4,2407.1,7.9,2353.2,7.8,2728.7,9.0,2904.0,9.6,5063.9,16.7,2637.9,8.7,2086.4,6.9,FAIL,,TO,
99soft/guartz,296.8,764.2,2.6,3465.0,11.7,2267.8,7.6,5345.4,18.0,2395.5,8.1,6390.7,21.5,1397.7,4.7,FAIL,,TO,,TO,
ccidral/tomighty,340.9,743.0,2.2,3240.2,9.5,859.8,2.5,4803.6,14.1,1632.0,4.8,9550.2,28.0,898.4,2.6,FAIL,,TO,,TO,
neo4j/license-maven-plugin,308.9,1087.3,3.5,5789.6,18.7,1015.7,3.3,2694.4,8.7,2202.4,7.1,31379.2,101.6,692.5,2.2,TO,,FAIL,,TO,
timroes/aXMLRPC,471.5,1826.5,3.9,11443.0,24.3,10887.0,23.1,12133.4,25.7,11469.6,24.3,32425.6,68.8,11138.7,23.6,FAIL,,TO,,TO,
yangfuhai/jboot,621.8,1916.2,3.1,1549.9,2.5,842.5,1.4,1697.8,2.7,1632.3,2.6,3219.3,5.2,1638.7,2.6,FAIL,,TO,,TO,
monkeymq/jgossip,375.1,1173.2,3.1,1088.9,2.9,1124.7,3.0,1132.5,3.0,1151.6,3.1,1239.8,3.3,1075.9,2.9,1075.5,2.9,FAIL,,TO,
audit4j/audit4j-db,380.8,1792.0,4.7,1249.1,3.3,1264.9,3.3,2981.2,7.8,2434.8,6.4,8869.4,23.3,1294.1,3.4,TO,,FAIL,,TO,
castagna/SARQ,298.9,1330.9,4.5,2553.4,8.5,1870.0,6.3,3247.2,10.9,2912.1,9.7,12641.4,42.3,2017.1,6.7,TO,,FAIL,,TO,
amzn/amazon-instant-access-sdk-java,223.2,1261.6,5.7,3683.6,16.5,3769.0,16.9,4399.8,19.7,4272.6,19.1,4259.1,19.1,4869.5,21.8,13207.0,59.2,TO,,FAIL,
uniform-java/uniform,391.1,736.4,1.9,2136.2,5.5,2222.0,5.7,4353.6,11.1,3883.0,9.9,5976.4,15.3,2333.7,6.0,12159.3,31.1,FAIL,,TO,
softlayer/softlayer-java,294.5,1308.9,4.4,9134.9,31.0,6953.1,23.6,9384.4,31.9,10446.6,35.5,11428.4,38.8,8769.2,29.8,14467.8,49.1,FAIL,,TO,
tinkerpop/furnace,301.1,3580.2,11.9,4591.9,15.3,791.1,2.6,4550.9,15.1,4410.7,14.6,17113.2,56.8,1327.0,4.4,19209.9,63.8,FAIL,,TO,
magdel/MapNav,268.0,2866.4,10.7,888.9,3.3,719.8,2.7,1557.2,5.8,1224.1,4.6,FAIL,,795.5,3.0,1527.4,5.7,30480.3,113.7,TO,
soulgalore/jdbcmetrics,242.7,823.3,3.4,1003.9,4.1,819.8,3.4,1648.4,6.8,1491.8,6.1,7203.8,29.7,881.8,3.6,10529.3,43.4,FAIL,,TO,
square/javawriter,1016.3,3703.6,3.6,5083.9,5.0,3337.3,3.3,6043.9,5.9,4997.6,4.9,20368.1,20.0,4419.4,4.3,TO,,FAIL,,TO,
mdewilde/podcast-parser,540.2,6568.3,12.2,15321.4,28.4,15040.7,27.8,13588.6,25.2,12669.9,23.5,14359.3,26.6,19139.2,35.4,TO,,FAIL,,TO,
salyh/javamail-mock2,241.7,641.7,2.7,686.0,2.8,700.1,2.9,691.6,2.9,690.9,2.9,692.1,2.9,686.1,2.8,3155.7,13.1,32513.2,134.5,FAIL,
jboss/jboss-jstl-api_spec,284.6,746.2,2.6,693.9,2.4,699.3,2.5,945.3,3.3,750.0,2.6,2135.3,7.5,692.0,2.4,20837.4,73.2,FAIL,,TO,
pebbleblog/pebble,1980.4,3365.9,1.7,11802.7,6.0,11421.4,5.8,12489.4,6.3,11942.6,6.0,15729.4,7.9,11369.9,5.7,TO,,FAIL,,TO,
binance/binance-futures-connector-java,376.5,3786.5,10.1,6050.7,16.1,5062.3,13.4,9221.9,24.5,5766.9,15.3,TO,,10984.2,29.2,FAIL,,TO,,TO,
opencharles/charles-rest,683.2,1945.7,2.8,12458.7,18.2,5153.6,7.5,13088.9,19.2,12530.2,18.3,TO,,10570.2,15.5,FAIL,,TO,,TO,
laforge49/JASocket,289.0,FAIL,,932.2,3.2,698.7,2.4,992.6,3.4,954.5,3.3,1692.6,5.9,703.8,2.4,TO,,TO,,TO,
vidstige/jadb,258.5,755.7,2.9,1042.2,4.0,4199.1,16.2,3177.3,12.3,3097.8,12.0,4407.0,17.0,3879.5,15.0,2237.1,8.7,FAIL,,TO,
Bernardo-MG/java-patterns,287.8,733.8,2.6,719.1,2.5,726.3,2.5,1155.4,4.0,1094.1,3.8,2589.1,9.0,757.1,2.6,2926.0,10.2,TO,,FAIL,
brutusin/json-provider,239.4,948.1,4.0,6373.3,26.6,5766.6,24.1,7671.8,32.0,5589.8,23.3,10761.9,45.0,7396.9,30.9,12795.8,53.4,FAIL,,TO,
bingoohuang/logback-more-appenders,298.2,754.4,2.5,5130.5,17.2,2777.3,9.3,4177.1,14.0,5327.4,17.9,5346.3,17.9,5416.5,18.2,16285.7,54.6,FAIL,,TO,
jasminb/jsonapi-converter,245.0,1120.3,4.6,11006.9,44.9,10855.3,44.3,11195.1,45.7,11185.8,45.7,16364.8,66.8,10959.0,44.7,15870.1,64.8,FAIL,,TO,
jbarrez/activiti-neo4j,1629.3,FAIL,,1125.4,0.7,910.1,0.6,1475.3,0.9,1341.6,0.8,8507.2,5.2,3520.8,2.2,32671.4,20.1,TO,,TO,
taksan/skype-java-api,243.7,816.7,3.4,600.3,2.5,637.7,2.6,625.8,2.6,626.0,2.6,623.4,2.6,620.3,2.5,688.3,2.8,16811.6,69.0,FAIL,
elisarver/selophane,267.3,6101.3,22.8,5463.1,20.4,4857.6,18.2,5047.1,18.9,4873.3,18.2,12006.1,44.9,4842.1,18.1,TO,,FAIL,,TO,
proofpoint/cloud-management,374.3,1838.2,4.9,2941.9,7.9,2075.3,5.5,3766.8,10.1,3255.8,8.7,TO,,3724.2,10.0,TO,,FAIL,,TO,
basdijkstra/tau-rest-assured,378.9,2361.1,6.2,15389.5,40.6,11713.1,30.9,15666.7,41.3,14628.0,38.6,TO,,11286.2,29.8,TO,,FAIL,,TO,
liuziyuan/retrofit-spring-boot-starter,507.4,3401.8,6.7,13612.4,26.8,11988.0,23.6,14777.0,29.1,13596.8,26.8,22426.0,44.2,12920.5,25.5,TO,,FAIL,,TO,
ChannelApe/shopify-sdk,417.6,5328.0,12.8,TO,,8469.8,20.3,26412.7,63.3,25564.9,61.2,TO,,8228.2,19.7,TO,,FAIL,,TO,
googlegenomics/dataflow-java,4035.4,7589.5,1.9,28192.3,7.0,12597.3,3.1,24902.9,6.2,22995.6,5.7,TO,,17144.7,4.2,TO,,FAIL,,TO,
avarabyeu/restendpoint,296.6,1994.4,6.7,1773.7,6.0,1133.4,3.8,6047.0,20.4,5789.6,19.5,TO,,7456.5,25.1,FAIL,,TO,,TO,
OrderLab/OKLib,279.6,11270.8,40.3,TO,,TO,,TO,,TO,,TO,,TO,,TO,,FAIL,,TO,
amplafi/htmlcleaner,374.9,5718.5,15.3,TO,,TO,,TO,,TO,,TO,,FAIL,,TO,,TO,,TO,
zeroturnaround/zt-process-killer,272.4,725.1,2.7,752.0,2.8,706.6,2.6,735.5,2.7,753.0,2.8,1134.2,4.2,776.2,2.8,784.6,2.9,FAIL,,FAIL,
brutusin/commons,241.7,FAIL,,528.8,2.2,549.5,2.3,532.4,2.2,521.3,2.2,521.4,2.2,535.1,2.2,538.4,2.2,613.9,2.5,FAIL,
ModeShape/modeshape-examples,460.1,998.8,2.2,1961.5,4.3,1917.9,4.2,2015.9,4.4,2170.6,4.7,2357.7,5.1,2083.5,4.5,6335.8,13.8,FAIL,,FAIL,
kabutz/striped-executor-service,580.7,2159.7,3.7,1239.8,2.1,676.4,1.2,1358.3,2.3,1467.4,2.5,4423.1,7.6,712.0,1.2,1971.9,3.4,FAIL,,FAIL,
maestrano/maestrano-java,321.2,745.9,2.3,713.8,2.2,715.9,2.2,709.8,2.2,708.7,2.2,3528.7,11.0,699.8,2.2,3414.5,10.6,FAIL,,FAIL,
davidmoten/rxjava-file,575.3,776.2,1.3,1323.8,2.3,1256.7,2.2,1862.6,3.2,3545.2,6.2,5602.0,9.7,1263.5,2.2,FAIL,,FAIL,,TO,
purecloudlabs/elasticsearch-lambda,465.9,1143.7,2.5,1063.8,2.3,1069.6,2.3,1019.3,2.2,1021.0,2.2,3225.1,6.9,1072.4,2.3,FAIL,,FAIL,,TO,
gondor/kbop,327.7,882.5,2.7,695.0,2.1,706.6,2.2,693.0,2.1,688.6,2.1,1565.3,4.8,704.0,2.1,FAIL,,FAIL,,TO,
fleipold/jproc,268.3,839.7,3.1,25138.6,93.7,4830.9,18.0,32529.9,121.2,32331.8,120.5,FAIL,,3299.9,12.3,6897.7,25.7,FAIL,,TO,
triologygmbh/reCAPTCHA-V2-java,289.9,1389.4,4.8,8171.1,28.2,6495.8,22.4,11066.4,38.2,10016.9,34.6,21448.6,74.0,7338.7,25.3,FAIL,,FAIL,,TO,
gwtplus/google-gin,349.6,1667.4,4.8,10344.4,29.6,6302.7,18.0,11720.9,33.5,11465.5,32.8,14166.0,40.5,6740.9,19.3,FAIL,,FAIL,,TO,
sylvainlaurent/swagger-validator-maven-plugin,345.7,2342.5,6.8,11007.3,31.8,2502.4,7.2,11605.9,33.6,11053.4,32.0,13904.0,40.2,7372.1,21.3,FAIL,,FAIL,,TO,
javacamp2022/pizza-lab,397.1,2153.1,5.4,4701.4,11.8,3535.1,8.9,11053.3,27.8,6321.1,15.9,14632.1,36.8,3717.4,9.4,FAIL,,FAIL,,TO,
apache/dubbo-rpc-jsonrpc,304.4,1545.0,5.1,699.3,2.3,703.3,2.3,984.3,3.2,1034.5,3.4,10280.7,33.8,711.9,2.3,FAIL,,TO,,FAIL,
gturri/aXMLRPC,451.5,1783.4,4.0,11481.6,25.4,10848.2,24.0,12186.1,27.0,11444.4,25.3,FAIL,,11115.4,24.6,TO,,FAIL,,TO,
rhwayfun/spring-boot-rocketmq-starter,379.8,FAIL,,6526.7,17.2,5617.5,14.8,6530.0,17.2,1906.1,5.0,11736.3,30.9,5678.6,15.0,TO,,FAIL,,TO,
kristofa/mock-http-server,264.2,1269.9,4.8,5173.5,19.6,2115.0,8.0,11966.5,45.3,9711.3,36.8,TO,,10779.6,40.8,FAIL,,FAIL,,TO,
alb-i986/selenium-tinafw,398.7,1357.8,3.4,7551.9,18.9,8971.0,22.5,9097.0,22.8,8460.9,21.2,11150.0,28.0,7193.5,18.0,FAIL,,FAIL,,TO,
eddi888/camel-tinkerforge,420.0,728.6,1.7,1734.6,4.1,1935.8,4.6,1623.9,3.9,1769.9,4.2,1812.0,4.3,1418.2,3.4,5776.5,13.8,FAIL,,FAIL,
amazon-archives/dynamodb-key-diagnostics-library,305.1,1372.3,4.5,6559.4,21.5,2852.1,9.3,4844.9,15.9,4176.2,13.7,21781.9,71.4,2291.7,7.5,FAIL,,FAIL,,TO,
couchbaselabs/couchbase-capi-server,275.1,2058.8,7.5,12448.8,45.3,10906.8,39.7,12328.5,44.8,11921.7,43.3,TO,,11209.3,40.8,FAIL,,FAIL,,TO,
sahan/ZombieLink,370.6,3880.2,10.5,24619.1,66.4,7176.2,19.4,18705.1,50.5,17980.2,48.5,FAIL,,12509.1,33.8,FAIL,,TO,,TO,
pascalgn/jiracli,243.7,1852.0,7.6,3212.9,13.2,3453.2,14.2,11052.4,45.4,6886.6,28.3,18135.3,74.4,3296.6,13.5,FAIL,,FAIL,,TO,
wouterd/docker-maven-plugin,279.6,1074.1,3.8,1493.2,5.3,1020.4,3.7,1888.0,6.8,1655.5,5.9,6709.8,24.0,1165.0,4.2,FAIL,,FAIL,,TO,
tomekl007/manning_software_mistakes_and_tradeoffs,1964.7,5110.0,2.6,5322.8,2.7,6266.8,3.2,11384.2,5.8,5220.6,2.7,FAIL,,4847.1,2.5,TO,,FAIL,,TO,
soot-oss/heros,251.0,1213.2,4.8,1241.1,4.9,1451.0,5.8,4996.2,19.9,1344.1,5.4,3456.4,13.8,1250.2,5.0,FAIL,,FAIL,,TO,
webjars/webjars-locator,439.2,9897.4,22.5,TO,,14271.0,32.5,TO,,FAIL,,TO,,15789.3,35.9,TO,,FAIL,,TO,
javadev/jasper-xml-to-pdf-generator,625.6,3385.8,5.4,7427.2,11.9,5077.1,8.1,9290.2,14.8,8316.9,13.3,32899.0,52.6,4934.7,7.9,FAIL,,FAIL,,TO,
draeger-lab/EscherConverter,1464.1,5604.8,3.8,TO,,TO,,TO,,TO,,FAIL,,TO,,TO,,FAIL,,TO,
boundary/high-scale-lib,296.4,4488.9,15.1,TO,,TO,,TO,,TO,,TO,,FAIL,,TO,,FAIL,,TO,
laforge49/JActor,605.3,FAIL,,TO,,TO,,TO,,TO,,TO,,FAIL,,TO,,TO,,TO,
mrpdaemon/encfs-java,383.5,FAIL,,TO,,TO,,TO,,TO,,TO,,FAIL,,TO,,TO,,TO,
Cue/greplin-zookeeper-utils,268.7,FAIL,,1784.8,6.6,1316.2,4.9,1854.5,6.9,1963.8,7.3,3551.7,13.2,1905.7,7.1,FAIL,,TO,,FAIL,
imagej/example-script-collection,435.5,651.0,1.5,682.5,1.6,657.4,1.5,684.1,1.6,660.5,1.5,FAIL,,660.0,1.5,FAIL,,TO,,FAIL,
twilio/authy-java,371.6,3563.3,9.6,18952.5,51.0,9341.9,25.1,16128.3,43.4,15792.6,42.5,FAIL,,12142.9,32.7,FAIL,,FAIL,,TO,
sndyuk/logback-more-appenders,338.5,2850.8,8.4,FAIL,,FAIL,,FAIL,,4082.0,12.1,4458.7,13.2,4798.5,14.2,4126.2,12.2,TO,,TO,
dropwizard-bundles/dropwizard-configurable-assets-bundle,411.3,3470.0,8.4,8203.8,19.9,1419.1,3.4,8860.5,21.5,8630.6,21.0,FAIL,,1390.7,3.4,FAIL,,TO,,FAIL,
spring-projects/spring-analytics,425.9,3333.7,7.8,4320.9,10.1,3091.3,7.3,7299.8,17.1,4754.5,11.2,FAIL,,2748.6,6.5,FAIL,,FAIL,,TO,
dadiyang/wechat-client,279.6,1710.9,6.1,9690.6,34.7,4692.5,16.8,10196.4,36.5,10079.1,36.0,FAIL,,5475.2,19.6,FAIL,,FAIL,,TO,
mariofusco/lambdaj,276.0,4719.1,17.1,23639.2,85.6,FAIL,,FAIL,,12971.8,47.0,18450.5,66.8,23873.3,86.5,TO,,FAIL,,TO,
MagicTheGathering/mtg-sdk-java,1629.1,11299.0,6.9,TO,,TO,,TO,,TO,,TO,,FAIL,,FAIL,,FAIL,,TO,
caelum/vraptor4,689.5,8463.0,12.3,TO,,9867.1,14.3,30976.6,44.9,28678.6,41.6,FAIL,,9705.2,14.1,FAIL,,FAIL,,TO,
jghoman/haivvreo,1044.0,FAIL,,TO,,26290.1,25.2,FAIL,,TO,,TO,,28373.1,27.2,TO,,FAIL,,TO,
coolstuffsoftware/owncloud-spring-boot-starter,476.7,3516.4,7.4,TO,,TO,,TO,,TO,,TO,,TO,,FAIL,,FAIL,,FAIL,
imadcn/idworker,431.2,2816.0,6.5,FAIL,,FAIL,,13056.3,30.3,12474.2,28.9,TO,,FAIL,,TO,,FAIL,,TO,
fusesource/hawtjournal,268.7,2819.8,10.5,FAIL,,716.4,2.7,1181.2,4.4,FAIL,,9815.0,36.5,737.2,2.7,FAIL,,FAIL,,TO,
ManfredTremmel/gwt-commons-lang3,431.4,10827.1,25.1,TO,,FAIL,,TO,,TO,,FAIL,,FAIL,,TO,,FAIL,,TO,
ueshin/hbase-coprocessors,1560.6,FAIL,,TO,,TO,,FAIL,,FAIL,,TO,,13618.1,8.7,FAIL,,TO,,TO,
pagehelper/Mybatis-PageHelper,534.6,3459.5,6.5,TO,,TO,,TO,,TO,,TO,,FAIL,,FAIL,,FAIL,,FAIL,
NovatecConsulting/BeanTest,683.2,FAIL,,TO,,TO,,TO,,TO,,TO,,FAIL,,FAIL,,FAIL,,TO,
Mercateo/rest-hateoas-client,388.3,1207.8,3.1,3572.9,9.2,FAIL,,FAIL,,12074.7,31.1,FAIL,,3372.9,8.7,FAIL,,FAIL,,TO,
ohioit/rundeck-http-plugin,436.2,7318.4,16.8,FAIL,,12250.9,28.1,FAIL,,30032.4,68.8,FAIL,,20696.8,47.4,FAIL,,FAIL,,TO,
michal-harish/kafka-hadoop-loader,2247.5,12739.2,5.7,TO,,FAIL,,FAIL,,TO,,FAIL,,TO,,FAIL,,FAIL,,TO,
alexnederlof/Jasper-report-maven-plugin,1223.5,10862.4,8.9,TO,,TO,,FAIL,,TO,,FAIL,,FAIL,,FAIL,,FAIL,,TO,
jalkanen/speed4j,546.3,FAIL,,14829.0,27.1,FAIL,,FAIL,,FAIL,,FAIL,,12877.0,23.6,18742.5,34.3,FAIL,,TO,
rpuch/xremoting,303.0,1241.3,4.1,1848.4,6.1,1734.2,5.7,FAIL,,FAIL,,FAIL,,FAIL,,FAIL,,FAIL,,TO,
fusepoolP3/p3-transformer-library,321.4,4394.7,13.7,FAIL,,FAIL,,FAIL,,FAIL,,TO,,FAIL,,TO,,FAIL,,TO,
laforge49/JID,244.6,1882.0,7.7,TO,,26.9,0.1,TO,,FAIL,,FAIL,,FAIL,,FAIL,,FAIL,,FAIL,
alexec/thread-jiggler,296.5,1304.9,4.4,FAIL,,FAIL,,FAIL,,FAIL,,1222.5,4.1,FAIL,,FAIL,,2747.8,9.3,TO,
caduandrade/japura-framework,255.0,4376.5,17.2,FAIL,,FAIL,,FAIL,,FAIL,,TO,,FAIL,,TO,,FAIL,,TO,
mlieshoff/jcrapi,462.8,5724.6,12.4,15621.4,33.8,FAIL,,FAIL,,FAIL,,FAIL,,FAIL,,FAIL,,TO,,TO,
jlinn/quartz-redis-jobstore,640.5,FAIL,,FAIL,,FAIL,,FAIL,,TO,,FAIL,,FAIL,,TO,,TO,,TO,
Terracotta-OSS/ipc-eventbus,406.1,803.2,2.0,FAIL,,675.2,1.7,FAIL,,FAIL,,797.9,2.0,FAIL,,FAIL,,FAIL,,TO,
graphaware/recommendations-meetup,1100.0,FAIL,,TO,,TO,,TO,,TO,,FAIL,,FAIL,,FAIL,,FAIL,,FAIL,
Sable/heros,266.2,1180.7,4.4,731.7,2.7,739.3,2.8,FAIL,,FAIL,,FAIL,,FAIL,,FAIL,,FAIL,,FAIL,
Graylog2/gelfclient,320.8,1162.8,3.6,FAIL,,FAIL,,FAIL,,FAIL,,FAIL,,FAIL,,TO,,FAIL,,TO,
ptgoetz/storm-jms,309.4,804.4,2.6,FAIL,,FAIL,,FAIL,,FAIL,,FAIL,,FAIL,,TO,,FAIL,,TO,
datasift/datasift-java,299.6,1767.5,5.9,FAIL,,FAIL,,FAIL,,FAIL,,TO,,FAIL,,FAIL,,FAIL,,TO,
cogroo/cogroo4,480.5,513.6,1.1,FAIL,,FAIL,,FAIL,,FAIL,,FAIL,,TO,,TO,,FAIL,,FAIL,
googleads/adwords-scripts-linkchecker,321.0,2096.9,6.5,FAIL,,FAIL,,FAIL,,FAIL,,FAIL,,FAIL,,TO,,FAIL,,TO,
bingo-oss/sso-client,719.1,3271.6,4.5,FAIL,,FAIL,,FAIL,,FAIL,,FAIL,,TO,,FAIL,,FAIL,,TO,
jitsi/otr4j,491.9,1146.2,2.3,FAIL,,FAIL,,FAIL,,FAIL,,FAIL,,FAIL,,TO,,TO,,FAIL,
lusis/zmq-appender,239.0,613.7,2.6,FAIL,,FAIL,,FAIL,,FAIL,,FAIL,,FAIL,,FAIL,,FAIL,,TO,
klangfarbe/UML-Statechart-Framework-for-Java,220.7,FAIL,,FAIL,,FAIL,,FAIL,,FAIL,,FAIL,,FAIL,,4261.5,19.3,FAIL,,TO,
darcy-framework/synq,313.3,684.3,2.2,FAIL,,FAIL,,FAIL,,FAIL,,FAIL,,FAIL,,FAIL,,FAIL,,TO,
Scout24/yum-repo-server,833.6,FAIL,,13031.9,15.6,8245.1,9.9,FAIL,,FAIL,,FAIL,,FAIL,,FAIL,,FAIL,,FAIL,
microsoft/Git-Credential-Manager-for-Mac-and-Linux,361.6,1825.4,5.0,FAIL,,FAIL,,FAIL,,FAIL,,FAIL,,FAIL,,FAIL,,FAIL,,TO,
matzew/simple-websocket-client,292.7,1531.0,5.2,FAIL,,FAIL,,FAIL,,FAIL,,FAIL,,FAIL,,FAIL,,FAIL,,TO,
jrkinley/flume-interceptor-analytics,265.7,684.5,2.6,FAIL,,FAIL,,FAIL,,FAIL,,FAIL,,FAIL,,FAIL,,FAIL,,TO,
nithril/smtp-connection-pool,252.5,FAIL,,FAIL,,FAIL,,FAIL,,FAIL,,FAIL,,FAIL,,FAIL,,TO,,TO,
aimmac23/selenium-video-node,987.8,3358.3,3.4,FAIL,,FAIL,,FAIL,,FAIL,,FAIL,,FAIL,,FAIL,,FAIL,,TO,
hazelcast/hazelcast-azure,313.0,2877.3,9.2,FAIL,,FAIL,,FAIL,,FAIL,,FAIL,,FAIL,,FAIL,,FAIL,,TO,
zhangyingwei/cockroach,361.5,1093.3,3.0,FAIL,,FAIL,,FAIL,,FAIL,,FAIL,,FAIL,,FAIL,,FAIL,,TO,
jhalterman/lyra,446.8,FAIL,,FAIL,,FAIL,,FAIL,,FAIL,,FAIL,,FAIL,,TO,,FAIL,,TO,
lialun/EasyCache,376.6,1844.8,4.9,FAIL,,FAIL,,FAIL,,FAIL,,FAIL,,FAIL,,FAIL,,FAIL,,TO,
googlegenomics/utils-java,326.8,1947.5,6.0,FAIL,,FAIL,,FAIL,,FAIL,,FAIL,,FAIL,,FAIL,,TO,,FAIL,
metamx/emitter,304.3,9698.4,31.9,FAIL,,FAIL,,FAIL,,FAIL,,FAIL,,FAIL,,FAIL,,FAIL,,TO,
joestelmach/natty,617.9,4226.4,6.8,FAIL,,FAIL,,FAIL,,FAIL,,FAIL,,FAIL,,FAIL,,FAIL,,FAIL,
ctapweb/AutoSubClause,786.5,3406.2,4.3,FAIL,,FAIL,,FAIL,,FAIL,,FAIL,,FAIL,,FAIL,,FAIL,,FAIL,
davidmoten/rxjava-jdbc,575.5,3142.8,5.5,FAIL,,FAIL,,FAIL,,FAIL,,FAIL,,FAIL,,FAIL,,FAIL,,FAIL,
wakaleo/maven-schemaspy-plugin,386.6,3438.3,8.9,FAIL,,FAIL,,FAIL,,FAIL,,FAIL,,FAIL,,FAIL,,FAIL,,FAIL,
opentracing-contrib/java-grpc,330.2,FAIL,,FAIL,,FAIL,,FAIL,,FAIL,,FAIL,,FAIL,,FAIL,,FAIL,,TO,
Netflix/curator,310.6,FAIL,,FAIL,,FAIL,,FAIL,,FAIL,,FAIL,,FAIL,,TO,,FAIL,,FAIL,
fordfrog/apgdiff,322.6,1631.1,5.1,FAIL,,FAIL,,FAIL,,FAIL,,FAIL,,FAIL,,FAIL,,FAIL,,FAIL,
audit4j/audit4j-core,349.1,10686.1,30.6,FAIL,,FAIL,,FAIL,,FAIL,,FAIL,,FAIL,,FAIL,,FAIL,,FAIL,
treasure-data/td-logger-java,276.5,FAIL,,FAIL,,FAIL,,FAIL,,FAIL,,FAIL,,FAIL,,FAIL,,FAIL,,FAIL,
nats-io/nats-connector-framework,408.3,FAIL,,FAIL,,FAIL,,FAIL,,FAIL,,FAIL,,FAIL,,FAIL,,FAIL,,FAIL,
jclawson/hazeltask,337.5,FAIL,,FAIL,,FAIL,,FAIL,,FAIL,,FAIL,,FAIL,,FAIL,,FAIL,,FAIL,
ImmobilienScout24/yum-repo-server,397.3,FAIL,,FAIL,,FAIL,,FAIL,,FAIL,,FAIL,,FAIL,,FAIL,,FAIL,,FAIL,
osinka/camel-beanstalk,FAIL,,,,,,,,,,,,,,,,,,,,
actiontech/dble,FAIL,,,,,,,,,,,,,,,,,,,,
pf4j/pf4j-update,FAIL,,,,,,,,,,,,,,,,,,,,
PvdBerg1998/PNet,FAIL,,,,,,,,,,,,,,,,,,,,
xedin/disruptor_thrift_server,FAIL,,,,,,,,,,,,,,,,,,,,
opentimestamps/java-opentimestamps,FAIL,,,,,,,,,,,,,,,,,,,,
