repo,baseline,rv,rv(x),races,hb,hb:pp,hb(x),races,hbepoch,hbepoch:pp,hbepoch(x),races,shb,shb:pp,shb(x),races,shbepoch,shbepoch:pp,shbepoch(x),races,fhb,fhb:pp,fhb(x),races,lockset,lockset:pp,lockset(x),races,goldilocks,goldilocks:pp,goldilocks(x),races,wcp,wcp:pp,wcp(x),races,syncp,syncp:pp,syncp(x),races
rbuck/java-retry,26.3,96.6,3.7,0,32.2,0.4,1.2,12,32.3,0.3,1.2,12,32.4,0.3,1.2,9,32.7,0.3,1.3,9,32.2,0.3,1.2,9,32.4,0.3,1.2,10,32.1,0.3,1.2,14,31.3,0.3,1.2,12,32.5,0.2,1.2,8
mikebrock/jboss-websockets,31.8,97.6,3.1,0,36.2,94.4,4.1,13,36.9,39.9,2.4,13,36.4,5,1.3,7,38.1,5.1,1.4,7,37.9,3.7,1.3,7,37.3,10.3,1.5,43,36.1,4,1.3,10,38,59.6,3.1,7,85.2,0.2,2.7,0
PhantomThief/thrift-pool-client,1.3,65.3,48.7,0,5.7,0.3,4.5,7,5.7,0.3,4.4,4,5.7,0.2,4.4,2,5.6,0.3,4.4,3,5.9,0.3,4.6,3,5.6,0.3,4.4,12,6.5,0.2,5,12,6.2,0.3,4.8,7,269.6,0.1,201.3,0
hackingwu/Java-Promise,5.8,13.5,2.3,1,12,0.3,2.1,6,11.9,0.2,2.1,6,11.8,0.2,2.1,2,12,0.2,2.1,3,12,0.2,2.1,3,11.7,0.3,2.1,11,12,0.2,2.1,6,11.8,0.3,2.1,11,13,0.2,2.3,1
520github/fw-parallel-task,31.8,38.4,1.2,3,37.4,0.3,1.2,9,37.2,0.3,1.2,9,37.8,0.3,1.2,5,37.7,0.2,1.2,5,37.6,0.2,1.2,5,38,0.3,1.2,11,37.8,0.2,1.2,9,37.6,0.3,1.2,9,44.6,0.3,1.4,3
anomalizer/tungsten-fsm,4.9,9.6,2,0,10.5,0.6,2.3,4,12.1,0.3,2.5,4,10.4,0.3,2.2,4,10.5,0.3,2.2,4,10.7,0.4,2.3,4,10.5,0.3,2.2,11,10.9,0.3,2.3,4,10.8,0.4,2.3,4,225.1,0.3,46.3,0
ihaolin/wechat,3.2,7.2,2.2,2,6.2,0.2,2,15,6.2,0.2,2,10,6.5,0.2,2.1,2,6.4,0.2,2.1,2,6.4,0.2,2,2,6.3,0.2,2,17,6.5,0.2,2.1,10,6.5,0.2,2.1,15,6.9,0.2,2.2,2
rovats/java-utils,1,4.9,4.9,1,3.8,0.2,4,1,4,0.2,4.2,1,3.8,0.1,4,1,3.9,0.1,4.1,1,4,0.1,4.2,1,3.8,0.1,3.9,2,4,0.2,4.2,2,3.9,0.2,4.1,1,26.9,0.1,27.3,1
MountCloud/ffmpeg-operate,2.5,6.3,2.5,4,5.7,0.2,2.4,14,5.6,0.2,2.3,14,5.5,0.1,2.3,14,5.8,0.1,2.4,14,5.8,0.2,2.4,14,5.8,0.2,2.4,73,5.8,0.2,2.4,17,5.9,0.2,2.4,14,114.3,0.2,45.8,4
zman2013/scuttlebutt,3.6,9.1,2.5,15,18.2,1.1,5.3,32,17.9,1,5.2,30,18.2,1.1,5.3,17,18.2,1.1,5.3,14,18.2,1.1,5.3,10,18.2,1.2,5.4,94,26.6,1.1,7.7,29,34.9,1,9.9,29,TO,,24000.0,0
offbynull/portmapper,4.7,13.5,2.8,0,28.8,1.6,6.4,16,28.9,1.5,6.4,16,28.9,1.5,6.4,14,28.8,1.5,6.4,14,29.7,1.5,6.6,14,29.8,2,6.7,44,29.5,1.5,6.5,16,29.6,1.5,6.6,16,TO,,18383.0,0
sdorra/ldap-unit,2.6,5.6,2.2,0,28.7,2.1,12,4,28.5,2.1,11.9,4,28.4,2.1,11.8,4,28.8,2,12,4,29.6,2,12.3,4,28.1,2.2,11.8,119,72.3,2.1,28.9,4,74.6,2,29.8,6,TO,,33230.8,0
kurbatov/firmata4j,3.5,8.8,2.5,0,7.5,0.2,2.2,2,7.4,0.2,2.1,2,7.4,0.2,2.1,2,7.4,0.2,2.1,2,7.4,0.2,2.1,2,7.4,0.2,2.2,7,7.5,0.2,2.2,2,7.5,0.2,2.2,2,89,0.2,25.1,0
Azure-Samples/cassandra-proxy,3.8,12.6,3.4,0,70.6,3.6,19.7,21,71,3.6,19.8,21,71.3,4,20,5,71.9,3.5,20.1,7,71.8,3.5,20,7,69.9,3.6,19.5,21,117.9,3.5,32.3,23,161.3,3.6,43.9,53,TO,,22736.8,0
tguzik/m2u,17.9,11.9,0.7,96,57.5,4.3,3.5,195,54.7,4.2,3.3,193,55,3.4,3.3,133,57,3.3,3.4,133,55.4,3.3,3.3,133,55.8,3.9,3.3,193,67.1,3.3,3.9,185,80.5,4.3,4.7,190,FAIL,,,0
j-easy/easy-flows,4.2,10.8,2.6,0,79.6,5.2,20.3,1,78.1,4.6,19.8,1,77.9,4.5,19.7,1,76.9,4.5,19.5,1,79.5,4.6,20.1,1,77.2,4.5,19.6,1,109.3,4.6,27.2,1,223.8,4.6,54.6,1,TO,,20571.4,0
cilogi/gaeshiro,2.8,13.2,4.8,0,36.2,2.2,14,4,36.6,2.2,14.1,4,36.6,2.2,14.1,3,37.1,2.2,14.3,3,37.8,2.2,14.5,3,36,2.1,13.8,65,44.2,2,16.8,6,115.5,2.2,42.8,4,FAIL,,,0
VaughnVernon/mockroservices-java,4.6,12.3,2.7,7,16.4,0.9,3.7,8,15.7,0.8,3.6,8,16.3,0.8,3.7,5,16.2,0.8,3.7,5,15.7,0.8,3.6,5,15.6,0.8,3.5,13,15.8,0.8,3.6,10,17.2,0.9,3.9,9,TO,,18782.6,0
jiangxincode/SearchEngine,1.9,9.6,5.1,2,7.7,0.3,4.3,2,7.7,0.2,4.2,2,7.7,0.2,4.3,2,7.8,0.2,4.3,2,7.8,0.2,4.3,2,8,0.2,4.4,6,7.7,0.2,4.2,3,7.8,0.2,4.3,3,12,0.2,6.6,2
dubasdey/portable-ftp-server,2.3,10.8,4.6,0,9.4,0.3,4.2,2,9.3,0.3,4.1,2,9.3,0.3,4.1,2,9.2,0.3,4.1,2,9.2,0.3,4.1,2,9.3,0.3,4.1,8,9.2,0.3,4.1,2,9.4,0.3,4.2,2,850.7,0.2,365.2,0
opentracing-contrib/java-concurrent,3.6,7.4,2.1,0,6.8,0.2,2,0,6.6,0.2,1.9,0,6.7,0.1,1.9,0,6.7,0.1,1.9,0,6.8,0.2,2,0,9.3,0.2,2.6,16,8.8,0.2,2.5,0,9.6,0.2,2.7,1,TO,,24000.0,0
javadelight/delight-fileupload,2.7,6.5,2.5,0,5.1,0.2,2,0,5.2,0.1,2,0,5.2,0.2,2,0,5.1,0.2,2,0,5.1,0.2,2,0,5.1,0.2,2,0,5.1,0.1,2,0,5,0.2,1.9,0,128.5,0.2,48.2,0
dyorgio/cpu-watcher,84.8,92.1,1.1,2,233,33.2,3.1,5,236,32.6,3.2,4,235.1,33.1,3.2,4,260,37.7,3.5,3,235,32.4,3.2,3,266.6,43.8,3.7,13,672.7,43.8,8.4,4,379.5,36.9,4.9,6,FAIL,,,0
ashenwgt/awesome-bdd-with-cucumber,4.4,27.8,6.3,0,130.3,8.7,31.3,16,129.9,8.5,31.2,17,132.4,8.7,31.8,1,133.2,8.9,32,1,133.7,8.7,32.1,1,131.1,9,31.6,262,170,8.8,40.3,17,169.6,8.5,40.1,17,TO,,19636.4,0
Skullabs/powerlib,6.2,11.7,1.9,1,10.3,0.2,1.7,1,10.2,0.2,1.7,1,10.3,0.2,1.7,1,10.6,0.2,1.8,1,10.3,0.2,1.7,1,10.5,0.2,1.7,1,10.4,0.2,1.7,1,10.3,0.2,1.7,1,12.3,0.2,2,1
tv2norge-collab/java-serf-client,2.1,9.8,4.7,1,9.1,0.3,4.5,1,8.8,0.3,4.3,1,8.7,0.3,4.3,1,8.6,0.3,4.2,1,8.5,0.3,4.2,1,8.8,0.3,4.3,2,8.8,0.3,4.3,2,8.7,0.3,4.3,1,37,0.3,17.7,1
alibaba-rsocket-broker/rsocket-broker-gateway-mqtt,4.2,9.6,2.3,1,8.2,0.2,2,1,8.5,0.2,2.1,1,8.1,0.2,2,1,8.8,0.2,2.1,1,8.9,0.2,2.2,1,8.8,0.4,2.2,1,9.2,0.2,2.3,1,8.4,0.4,2.1,1,74.6,0.2,17.9,1
Bernardo-MG/repository-pattern-java,3.3,10.6,3.2,3,20,1.6,6.6,4,19.3,1.3,6.3,4,19.8,1.7,6.6,3,20.1,1.3,6.5,3,20.2,1.7,6.7,3,20.7,1.6,6.8,166,37.6,1.7,12,6,23.6,1.7,7.7,4,FAIL,,,0
laforge49/JFile,2.5,74.3,30.1,0,87.3,18.4,42.8,9,85.6,18.1,42,7,86.4,18.1,42.3,7,87.2,18.2,42.7,7,92.8,17.5,44.6,3,87.8,21.4,44.2,337,1270.5,17.2,521.4,15,TO,,34560.0,0,TO,,34560.0,0
ronmamo/reflections,4.4,12.2,2.8,0,468.8,21.7,111.7,0,474.2,22,113,0,475,21.6,113.1,0,478.6,21.6,113.9,0,486,21.5,115.6,0,472,22.6,112.7,3,2122.8,21.5,488.5,0,FAIL,,,0,TO,,19636.4,0
syphr42/prom,1.7,8.5,5,0,11.7,0.3,7.1,15,8.2,0.3,4.9,15,8.8,0.3,5.3,3,8.8,0.3,5.3,3,8.4,0.3,5.1,3,8.7,0.3,5.3,55,11.7,0.3,7,16,121.7,0.3,71.4,31,TO,,50823.5,0
jclawson/jackson-dataformat-hocon,2.8,11.7,4.2,2,45.4,2.4,17.2,5,43.5,2.3,16.5,5,44.4,2.3,16.8,2,44.8,2.2,16.9,3,45.7,2.3,17.3,1,44.4,2.2,16.8,5,52.1,2.2,19.5,5,59,2.3,22.1,5,TO,,30857.1,0
xebia-france/xebia-servlet-extras,3.2,11.2,3.5,13,16.8,2.9,6.1,178,17,2.4,6,118,16.6,1.6,5.7,7,16.9,1.6,5.8,7,19.1,1.6,6.4,6,16,1.7,5.5,267,11382.7,1.6,3546.5,128,TO,,27000.0,0,TO,,27000.0,0
vbauer/herald,5.2,16.4,3.1,2,379.1,18.9,76.1,3,381.2,19.1,76.5,2,383.3,18.9,76.9,2,384.2,19.1,77.1,3,399.3,19.1,80,3,379.6,19.5,76.3,67,11853.1,19.3,2270.1,3,FAIL,,,0,TO,,16615.4,0
kevinsawicki/http-request,3.6,98.5,27.1,2,620.6,31.6,179.7,85,598,30.9,173.2,85,614.7,31.2,177.9,43,609.5,31.4,176.6,43,695.4,31.4,200.2,43,612.1,44.5,180.9,0,FAIL,,,5,TO,,24000.0,0,TO,,24000.0,0
majusko/grpc-jwt-spring-boot-starter,22.2,55.7,2.5,1,820.7,29.4,38.3,2,819.8,29.6,38.2,2,821.1,29.6,38.3,2,816.6,29.7,38.1,2,845.4,29.7,39.4,1,816.5,29.9,38.1,132,FAIL,,,0,FAIL,,,0,FAIL,,,0
kevinsawicki/etag-cache,3.2,12.5,4,5,18.1,2.2,6.4,7,18,2.1,6.4,7,17.8,2.1,6.3,7,17.7,2.1,6.3,7,18.4,2.2,6.5,7,18,2.6,6.5,849,22.4,2.1,7.7,10,TO,,27000.0,0,FAIL,,,0
jalpedersen/jetty-hazelcast,3.9,14.3,3.7,0,96.7,7.7,26.8,49,93.7,8.8,26.3,47,89.2,6.4,24.6,7,88,7,24.4,7,99.8,8.7,27.9,7,82.6,6.4,22.9,131,1097.1,7.4,283.9,44,TO,,22153.8,0,FAIL,,,0
zhanyeye/DesSim,3.2,225.2,69.7,48,62.1,7.8,21.6,91,62.9,7.6,21.8,94,68.2,7.9,23.6,63,68.6,7.9,23.7,51,338.23,62.24,125.1,0,60.9,7,21,326,66.24,69.34,42.4,108,125.3,10.2,42,104,FAIL,,,0
buddycloud/channel-directory,2.8,14.4,5.1,0,392.2,87.5,169.5,8,405.2,90.8,175.2,8,408.9,90.9,176.6,3,410.9,89.9,177,3,477.3,91,200.8,2,413.6,101,181.8,71,FAIL,,,8,TO,,30857.1,0,TO,,30857.1,0
520github/fw-perf-test,1.3,8879.3,6726.8,0,309.3,26.5,254.4,11,313.3,25.3,256.6,11,303.3,25.1,248.7,2,297.3,24.9,244.1,2,316.8,25.1,259.1,2,304,26.4,250.3,44,10986.6,25.6,8342.6,11,344.2,25.6,280.1,19,TO,,66461.5,0
NetsOSS/embedded-jetty,4.5,357.4,79.8,3,128.5,7.3,30.3,3,130.7,7.4,30.8,3,131.9,7.4,31.1,3,130.1,7.3,30.7,3,134.9,7.3,31.7,2,129.7,9,31,245,1140.1,7.4,256.1,7,TO,,19200.0,0,FAIL,,,0
undera/perfmon-agent,7.4,15.3,2.1,0,23,1,3.3,2,23.4,0.9,3.3,2,23.6,0.9,3.3,2,23.4,1.2,3.3,2,27.2,1.5,3.9,2,24.3,0.9,3.4,4,31.7,0.9,4.4,2,44.4,0.9,6.1,2,TO,,11675.7,0
spotify/hadoop-openpgp-codec,27.2,8.4,0.3,0,181.3,18.3,7.3,12,182.6,16.8,7.3,12,180.2,16.8,7.2,3,180.7,17.2,7.3,3,181.9,16.9,7.3,3,180.2,16.9,7.2,12,226.8,16.9,8.9,12,220.2,16.9,8.7,12,TO,,3176.5,0
InfoSec812/sonar-auth-google,18.5,12.9,0.7,0,160.7,10.1,9.2,14,163.3,10,9.4,13,164,10.1,9.4,4,168.9,10.4,9.7,4,166,10,9.5,4,162.6,10.1,9.3,39,252.9,10.2,14.2,13,FAIL,,,0,TO,,4670.3,0
jillesvangurp/spring-depend,18.3,11.8,0.6,15,234.6,16.6,13.8,13,234.2,16.3,13.7,14,253.5,17,14.8,12,257.4,17.5,15.1,12,245.6,15.6,14.3,12,235.1,17.3,13.8,233,3336.9,19.4,183.8,17,TO,,4721.3,0,TO,,4721.3,0
Ardesco/driver-binary-downloader-maven-plugin,20.1,26.1,1.3,2,429.9,31.4,23,184,413,31.4,22.1,104,422.5,32,22.6,9,435,32,23.3,9,456.9,31.5,24.3,9,428.2,31.9,22.9,438,TO,,4298.5,8,FAIL,,,0,TO,,4298.5,0
agapsys/embedded-servlet-container,6.9,11.8,1.7,0,498.7,33.1,77.4,118,501.6,34.1,78,92,503.3,32.9,78,6,503.1,32.9,78,6,615.5,37.1,95,6,508.2,33.5,78.8,296,TO,,12521.7,4,TO,,12521.7,0,FAIL,,,0
m-czernek/acrobot,34.4,38.7,1.1,8,518.3,48.5,16.5,40,526.1,49.1,16.7,34,540.4,50,17.2,21,513.4,48.4,16.3,19,639.9,48.9,20,18,520,48.3,16.5,213,FAIL,,,49,FAIL,,,0,TO,,2511.6,0
bingoohuang/westid,38.5,16.8,0.4,1,4139.1,474,119.9,81,4260.2,482.6,123.3,58,4215.7,476.9,122,13,4260.7,480.3,123.3,12,4158.4,474.1,120.4,13,4176.8,474,120.9,0,83541.40,251.85,2176.4,82,4179.6,493.2,121.5,0,TO,,2244.2,0
JavaMoney/jsr354-ri-bp,109.6,164.5,1.5,5,5403.2,420.6,53.2,10,5364.5,415.3,52.8,8,5129.2,426.2,50.7,3,5108.3,429.4,50.5,3,4868,417,48.2,3,5005.5,448,49.8,0,15978,43.4,146.2,5,2023.2,6.8,18.5,0,77120.11,48.41,704.1,0
buddycloud/buddycloud-server-java,31.8,66,2.1,1,8832.1,70,279.8,32,36134.19,539.15,1153.2,0,3808.2,36.4,120.8,2,6720.8,62.8,213.2,2,1557.8,27.7,49.8,2,15709.6,128,497.7,0,16109.3,3,506.4,8,146.5,3.2,4.7,0,10620.8,2.9,333.9,0
proofpoint/event-collector,13.8,86.8,6.3,1,5139.3,1000.7,446.2,0,5036.3,1021.6,440.3,4,5130.8,993.8,445.1,0,5155.7,1001.2,447.4,0,68728.27,155.66,4991.6,0,695.6,134.7,60.3,12,TO,,6260.9,4,1139.14,61.82,87.0,0,TO,,6260.9,0
RuntimeTools/javametrics,44.3,51.1,1.2,39,49.8,0.5,1.1,53,49.7,0.5,1.1,53,49.7,0.5,1.1,17,49.7,0.4,1.1,16,49.8,0.4,1.1,15,50,0.5,1.1,57,50.6,0.4,1.2,59,50,0.5,1.1,53,FAIL,,,
gilbutITbook/006955,10.2,15.7,1.5,4,15,0.2,1.5,4,14.6,0.3,1.5,4,14.8,0.2,1.5,4,14.7,0.4,1.5,4,15.4,0.2,1.5,2,14.7,0.3,1.5,37,14.7,0.2,1.5,5,14.9,0.2,1.5,8,FAIL,,,
blackdoor/blackdoor,1.8,7.5,4.3,4,11,0.9,6.8,10,10.8,0.8,6.6,10,10.7,0.6,6.4,1,10.7,0.6,6.5,1,10.4,0.6,6.3,1,10.3,0.7,6.3,24,10.8,0.7,6.6,10,10.5,0.8,6.5,11,FAIL,,,
spotify/trickle,8.8,52.7,6,0,157.7,10.1,19,4,180,9.9,21.5,4,181.6,10,21.7,1,183.9,10.2,22,1,187.9,10.4,22.4,1,181.1,9.9,21.6,65,1245.2,10.2,142,6,FAIL,,,,FAIL,,,0
uia4j/uia-sim,8.5,27.3,3.2,11,106.6,18.1,14.7,24,104.1,17.6,14.3,23,106,15,14.2,4,106.4,15,14.3,4,142.4,15.2,18.5,4,105.4,12.3,13.9,70,1988.3,11.5,235.3,32,FAIL,,,,TO,,10164.7,0
seaswalker/netty-wheel,23.4,27.6,1.2,0,26.6,0.3,1.2,0,26.6,0.3,1.1,0,26.4,0.3,1.1,0,26.5,0.2,1.1,0,26.8,0.3,1.2,0,26.6,0.3,1.1,0,27,0.3,1.2,0,26.8,0.3,1.2,0,FAIL,,,
graylog-labs/log4j2-gelf,5.6,12.5,2.2,1,72.1,5,13.7,14,71.1,5,13.5,16,73.1,5,13.9,6,71.9,5,13.6,6,74.4,5,14.1,6,72.2,4.9,13.7,53,251.5,5.2,45.5,14,FAIL,,,,TO,,15428.6,0
rjo1970/dumbster,1.5,6,3.9,0,12.7,0.8,8.7,2,13.5,0.8,9.3,2,12.5,1.1,8.8,2,13.2,0.8,9.1,2,12.4,0.8,8.6,2,12.1,0.8,8.4,51,14.4,0.8,9.8,2,FAIL,,,,TO,,57600.0,0
SonarSource/sonar-auth-bitbucket,2.1,8.1,3.8,0,35.8,2.1,17.9,12,35.9,2.1,18,11,35.1,2,17.5,2,35.2,2.1,17.6,2,35.4,2.1,17.7,2,34.8,2.1,17.4,20,61.8,2.1,30.2,11,FAIL,,,,TO,,41142.9,0
GoogleCloudPlatform/appengine-angular-guestbook-java,11.5,26.5,2.3,0,636.5,45.9,59.2,3,639.9,47.1,59.6,3,647.2,45.4,60.1,3,649.3,45.8,60.3,3,658.5,44.8,61,1,640.1,46,59.5,28,1563.4,46,139.6,11,FAIL,,,,TO,,7513.0,0
arquillian/arquillian-container-openshift,9.5,9.5,1,0,146.8,11.4,16.7,0,149.1,11.3,17,0,153.7,11.3,17.4,0,153.3,11.3,17.4,0,149.3,11.3,17,0,147.2,11.4,16.8,12,288.6,11.4,31.7,3,FAIL,,,,TO,,9094.7,0
matthewhorridge/binaryowl,3.5,18.5,5.2,4,319.3,26.2,97.9,16,320.8,23.2,97.4,16,315.3,22,95.6,10,321.2,22.5,97.4,10,304.6,22,92.5,10,311.6,22.9,94.7,15,580,22.5,170.7,15,FAIL,,,0,FAIL,,,
probedock/probedock-demo-junit,1.6,6.4,3.9,1,41.1,3.2,27.2,1,43.6,3.2,28.7,1,41.4,3.2,27.3,1,41.9,3.1,27.6,1,42.2,3.1,27.7,1,40.6,3.2,26.9,68,50.8,3.2,33.1,3,FAIL,,,0,FAIL,,,
alexvictoor/netty-livereload,3.8,9.6,2.5,2,9.6,0.3,2.6,2,9.4,0.3,2.5,2,9.3,0.3,2.5,2,12.1,0.3,3.3,2,9.5,0.2,2.6,2,9.2,0.2,2.5,5,9.1,0.2,2.5,2,9.9,0.2,2.7,2,FAIL,,,
chyxion/table-to-xls,8.7,26,3,0,1210.1,64,145.9,15,1219,63.2,146.9,15,1258.4,63.1,151.4,4,1256,62.8,151.1,4,1385.6,62.7,165.9,3,1244.6,63.6,149.8,15,7186.6,62.9,830.4,15,FAIL,,,,TO,,9931.0,0
spotify/async-datastore-client,3.4,7,2.1,1,49.6,0.4,14.7,1,48.8,0.3,14.4,1,47.5,0.3,14.1,1,48,0.4,14.2,1,52.6,0.3,15.5,1,46.8,0.3,13.9,3,49.8,0.3,14.7,2,FAIL,,,,TO,,25411.8,0
99soft/guartz,28.5,40.5,1.4,2,151.5,7,5.6,48,147.5,7,5.4,47,152.7,6.8,5.6,7,144,6.8,5.3,7,162.8,6.8,5.9,7,145.5,7.3,5.4,201,FAIL,,,61,TO,,3031.6,0,TO,,3031.6,0
ccidral/tomighty,5.8,13.8,2.4,0,94.1,5.6,17.1,21,94.6,5.6,17.2,21,94,5.6,17.1,2,94.7,5.5,17.2,2,97.5,5.6,17.7,2,95.1,5.7,17.3,64,FAIL,,,22,TO,,14896.6,0,TO,,14896.6,0
neo4j/license-maven-plugin,6.1,14.7,2.4,2,282.4,20.9,50,5,279.6,20.7,49.5,5,275.1,20.5,48.7,4,275.9,20.8,48.9,4,1137.6,21.5,191,4,269.6,20.5,47.8,38,FAIL,,,1,FAIL,,,,TO,,14163.9,0
timroes/aXMLRPC,4.7,13.4,2.9,5,231.5,18.2,53.1,28,223.9,16.6,51.2,21,222.1,17.3,50.9,15,246.2,15.8,55.7,15,584.4,17.3,128,14,261.7,16.4,59.2,1151,FAIL,,,0,FAIL,,,0,TO,,18383.0,0
yangfuhai/jboot,6.6,21.2,3.2,1,482.5,24.8,77.2,3,486.6,25.8,78,3,508.7,25.6,81.3,3,503,25.1,80.4,3,496.7,25.1,79.4,3,488.4,26.9,78.4,472,FAIL,,,0,FAIL,,,0,TO,,13090.9,0
monkeymq/jgossip,3.7,14.1,3.9,2,26.7,0.2,7.4,4,26.9,0.3,7.4,4,27.1,0.2,7.5,4,26.8,0.2,7.4,4,27.5,0.2,7.6,4,26.7,0.2,7.4,2,26.8,0.2,7.4,4,FAIL,,,,TO,,23351.4,0
audit4j/audit4j-db,9.3,20.8,2.2,0,568.4,44.8,66,22,571.2,45.3,66.4,24,585.5,45.7,67.9,7,590.6,46.6,68.6,7,640.4,47.6,74,2,615.1,56.7,72.3,646,TO,,9290.3,0,FAIL,,,,TO,,9290.3,0
castagna/SARQ,11.2,15.2,1.4,0,818,65.8,79.1,11,816.1,65.6,78.9,11,816.6,65,78.9,8,815,64.8,78.8,8,871.1,65.5,83.9,8,819.8,66.9,79.4,0,TO,,7714.3,9,FAIL,,,,TO,,7714.3,0
amzn/amazon-instant-access-sdk-java,7.5,13.5,1.8,6,399.3,28.7,57.4,31,402.8,28.4,57.8,24,397.4,28.5,57.1,15,398,28.2,57.1,15,401.8,28.7,57.7,15,397.6,31.6,57.5,275,832.3,30.7,115.7,0,TO,,11520.0,0,FAIL,,,
uniform-java/uniform,5.1,12.1,2.4,0,376.4,31.5,80.1,2,375.3,31.9,80,2,375.9,31.9,80.1,1,376.2,31.6,80.1,1,378.8,31.9,80.7,1,372.9,31.8,79.5,9,1720.2,31.9,344.2,2,FAIL,,,,TO,,16941.2,0
softlayer/softlayer-java,7.4,13,1.8,2,164.3,11.8,23.7,2,168.7,12.1,24.4,1,168.3,12.5,24.4,2,171.8,12.2,24.8,2,173.2,11.7,24.9,1,163.9,12.2,23.7,34,349.6,11.8,48.7,6,FAIL,,,,TO,,11675.7,0
tinkerpop/furnace,1.2,10.1,8.4,1,53.6,4.6,48.5,1,50.9,4.2,45.9,1,47.7,4.2,43.2,1,45.8,4.2,41.7,1,84.9,4.3,74.3,1,46.4,3.7,41.7,16,683.9,2.7,572.2,1,FAIL,,,,TO,,72000.0,0
magdel/MapNav,10.8,70.8,6.5,0,1129.8,91.7,112.7,4,1151.6,90.5,114.6,2,1147.8,92.6,114.4,1,1151.9,89.9,114.6,1,FAIL,,,,1143.8,91.7,114,38,1160.1,92.2,115.5,2,1313.5,91.2,129.6,4,TO,,8000.0,0
soulgalore/jdbcmetrics,2.5,8.6,3.5,5,348.2,29.1,154,5,350.4,29.2,154.9,1,352.3,28.8,155.6,2,348.1,29.2,154,1,365.1,29.3,161,2,352.9,30,156.3,7,880.8,29.6,371.6,6,FAIL,,,,TO,,34560.0,0
square/javawriter,11.7,29.5,2.5,0,1874.3,110,169.6,1,1855.6,111.3,168.1,1,1842.5,111.5,167,1,1851.1,111,167.7,1,2010.3,111.3,181.3,1,1853.8,109.1,167.8,0,TO,,7384.6,0,FAIL,,,,TO,,7384.6,0
mdewilde/podcast-parser,8.1,74.8,9.2,2,2412.2,389.7,344.6,23,2326.1,392.6,334.4,23,2252.1,310.1,315.2,22,2277.8,312.8,318.6,22,2291.9,249.2,312.6,9,2411.8,251.9,327.6,0,TO,,10666.7,23,FAIL,,,,TO,,10666.7,0
salyh/javamail-mock2,2.6,11.7,4.5,0,54.7,5.7,23.5,9,54.9,5.6,23.5,6,55,5.6,23.6,6,54.7,5.5,23.5,6,55.2,5.6,23.7,7,55.6,5.7,23.9,20,108.2,5.5,44.2,12,178.8,5.6,71.8,9,FAIL,,,
jboss/jboss-jstl-api_spec,4.1,13.2,3.2,0,683.8,48.4,179.5,4,675.8,48.3,177.5,4,702.6,48.8,184.2,4,678.4,48.1,178.1,4,686.2,48.6,180.1,4,684,48.5,179.5,4,1970.6,48.2,494.8,4,FAIL,,,,TO,,21073.2,0
pebbleblog/pebble,9.5,25.4,2.7,3,522.3,37.1,58.9,24,520.7,38.1,58.8,8,547.5,38.1,61.6,6,544.9,38.2,61.4,6,566.6,39.4,63.8,6,539.5,38.2,60.8,37,FAIL,,,0,FAIL,,,,TO,,9094.7,0
binance/binance-futures-connector-java,4.3,39.4,9.2,0,719.4,104.9,193,331,705.6,54.4,178,211,734.3,71.1,188.6,53,730.5,71.8,187.9,53,TO,,20093.0,0,754.4,48.1,187.9,343,FAIL,,,13,TO,,20093.0,0,TO,,20093.0,0
opencharles/charles-rest,32.1,36.8,1.1,1,724.4,138.5,26.9,4,693.7,139.4,26,4,720.4,138.8,26.8,1,709.5,139.2,26.5,1,TO,,2691.6,0,799.4,140.3,29.3,100,FAIL,,,4,FAIL,,,0,TO,,2691.6,0
laforge49/JASocket,3,FAIL,,,25.7,3.3,9.5,2,25.4,3.2,9.4,2,25.7,3.3,9.5,2,25.4,3.1,9.4,2,27.4,3.2,10.1,2,25.3,3.7,9.5,259,TO,,28800.0,2,TO,,28800.0,0,TO,,28800.0,0
vidstige/jadb,16.6,11.9,0.7,15,70,4.2,4.5,29,71.2,4.1,4.5,29,71.2,4.1,4.5,15,70.2,4.1,4.5,15,74.8,4.1,4.7,15,70.6,4.1,4.5,30,83.8,4.1,5.3,30,FAIL,,,,FAIL,,,0
Bernardo-MG/java-patterns,13.6,18.2,1.3,3,84,6.3,6.6,6,82.5,6.1,6.5,4,83,6.5,6.6,3,83.6,6.4,6.6,5,84.8,6.2,6.7,5,79.6,6.5,6.3,193,145.7,6,11.1,12,TO,,6352.9,0,FAIL,,,
brutusin/json-provider,31,21.1,0.7,8,68.7,4.9,2.4,14,70.7,4.6,2.4,14,69.2,4.1,2.4,8,64.7,4,2.2,10,74.7,4.1,2.5,6,65.4,4.1,2.2,49,500.4,3.7,16.3,25,FAIL,,,,TO,,2787.1,0
bingoohuang/logback-more-appenders,19.4,25.1,1.3,0,92.2,7.3,5.1,22,74.5,5.2,4.1,29,85.9,6.9,4.8,10,68.6,5.3,3.8,12,74.7,5.5,4.1,9,76.4,8.3,4.4,277,1351.9,8.4,70.2,105,FAIL,,,,TO,,4453.6,0
jasminb/jsonapi-converter,3.4,7.7,2.2,0,164.2,8.3,50.1,3,164.7,8.7,50.4,2,171.5,9.1,52.5,3,173.2,8.4,52.8,3,213.2,10.1,64.9,2,161.8,9.5,49.8,361,2197.6,7.9,641.2,4,FAIL,,,,TO,,25411.8,0
jbarrez/activiti-neo4j,23.8,FAIL,,,335,28.7,15.3,4,339.2,29.3,15.5,4,337.6,28.5,15.4,4,326.2,28.4,14.9,4,356.8,28.6,16.2,3,331.4,33.2,15.3,750,13049,36.4,550.3,9,TO,,3630.3,0,TO,,3630.3,0
taksan/skype-java-api,17.7,27.7,1.6,0,26,27,3,3,26.2,0.9,1.5,3,26,0.8,1.5,3,26,0.8,1.5,3,26,0.8,1.5,3,25.8,0.6,1.5,8,26.8,0.5,1.5,6,66.4,1.1,3.8,4,FAIL,,,
elisarver/selophane,31.8,37.8,1.2,6,3774.2,320.6,128.8,45,3944.8,332,134.5,45,4010.4,344.7,137,15,4014.7,324.9,136.5,15,4031.3,332.1,137.2,14,3767.7,463.6,133.1,0,FAIL,,,0,FAIL,,,,TO,,2717.0,0
proofpoint/cloud-management,36.7,25.1,0.7,2,1984.1,131.2,57.6,1,1982.4,125.5,57.4,12,1993.3,127.5,57.8,3,1905.8,128.1,55.4,0,FAIL,,,0,2416.6,140.9,69.7,0,FAIL,,,0,FAIL,,,,TO,,2354.2,0
basdijkstra/tau-rest-assured,51.9,21.1,0.4,0,2999.9,219.1,62,0,2970.7,224.9,61.5,0,3067.2,223.7,63.4,0,3089.4,224.3,63.8,0,TO,,1664.7,0,3145.7,228.3,65,0,FAIL,,,0,FAIL,,,,TO,,1664.7,0
liuziyuan/retrofit-spring-boot-starter,82,51.5,0.6,0,4881.3,171.7,61.7,0,4982.2,174.3,62.9,0,5502.6,158.9,69.1,0,5358,162.3,67.4,0,5538.6,162.4,69.6,0,5230.4,183.1,66.1,0,FAIL,,,0,FAIL,,,,TO,,1053.7,0
ChannelApe/shopify-sdk,34.5,50.5,1.5,0,FAIL,,,0,1237.1,126.4,39.5,0,978.1,106.8,31.4,0,1164.3,113.5,37,0,FAIL,,,0,724.2,65.9,22.9,787,FAIL,,,44,FAIL,,,,TO,,2504.3,0
googlegenomics/dataflow-java,51.9,59.5,1.1,8,5911.2,431.2,122.1,276,5501.5,484.1,115.2,254,6082.9,439.3,125.6,31,6425.3,428.2,132,31,FAIL,,,0,7521.8,623.3,156.8,553,FAIL,,,139,FAIL,,,,TO,,1664.7,0
zeroturnaround/zt-process-killer,63.5,72.7,1.1,0,80,1.6,1.3,0,81,1.6,1.3,0,80.8,1.6,1.3,0,80.7,1.6,1.3,0,81.3,1.6,1.3,0,80.5,2.8,1.3,0,85.4,1.5,1.4,0,FAIL,,,,FAIL,,,
brutusin/commons,10.8,FAIL,,,17.9,0.4,1.7,1,16.9,0.4,1.6,1,17.6,0.4,1.7,1,15.9,0.4,1.5,1,16.2,0.4,1.5,1,17.8,0.4,1.7,3,16.9,0.3,1.6,1,16.9,0.5,1.6,1,FAIL,,,
ModeShape/modeshape-examples,13.5,52.7,3.9,0,188.7,0.5,14,0,193.6,0.5,14.4,0,196.7,0.5,14.6,0,195.9,0.6,14.5,0,189.2,0.6,14.1,0,195.2,0.6,14.5,3,643.2,0.5,47.7,0,FAIL,,,,FAIL,,,
kabutz/striped-executor-service,16,23.5,1.5,0,30.7,2.3,2.1,0,31.5,2.3,2.1,0,30.9,2.3,2.1,0,31.6,2.3,2.1,0,36.9,2.3,2.4,0,29.3,2.5,2,0,203.1,2.1,12.8,0,FAIL,,,,FAIL,,,
maestrano/maestrano-java,2.7,10.8,4,0,121,8.6,47.7,0,124.2,8.7,48.9,0,155.8,8.6,60.4,0,122.4,8.6,48.2,0,125.9,8.6,49.4,0,122.9,8.7,48.4,0,245.4,8.6,93.4,0,FAIL,,,,FAIL,,,
davidmoten/rxjava-file,10.4,17.4,1.7,3,44.7,3.2,4.6,38,43.9,3,4.5,38,44.4,3.1,4.6,2,32.4,3.2,3.4,1,46.6,3,4.8,2,45.2,3.1,4.6,57,FAIL,,,,FAIL,,,,TO,,8307.7,0
purecloudlabs/elasticsearch-lambda,6.6,16.3,2.5,5,49.8,2.7,7.9,77,50.4,2.8,8,77,49.5,2.4,7.8,15,49.1,2.3,7.8,15,59.8,2.7,9.5,15,50.6,2.5,8,369,FAIL,,,,FAIL,,,,TO,,13090.9,0
gondor/kbop,12.7,10.9,0.9,9,44.3,10.8,4.4,19,44.3,10.4,4.3,18,44.3,8.6,4.2,11,43.4,8.4,4.1,11,46.1,8.5,4.3,10,44.1,3.5,3.8,87,FAIL,,,,FAIL,,,,TO,,6803.1,0
fleipold/jproc,14.2,22,1.6,0,366.3,97.8,32.7,1,310.9,95.9,28.7,1,466.3,98.7,39.9,1,449.7,99,38.7,1,FAIL,,,,278,93.3,26.2,8,312.2,93.2,28.6,1,FAIL,,,,TO,,6084.5,0
triologygmbh/reCAPTCHA-V2-java,1.6,7.5,4.5,0,165.8,11.1,107.2,70,161.5,10.8,104.5,2,164.4,10.9,106.3,1,167,10.8,107.8,5,219.3,11.2,139.7,7,184.2,11.6,118.7,963,FAIL,,,,FAIL,,,,TO,,54000.0,0
gwtplus/google-gin,10.7,8.7,0.8,0,341.1,23.8,34.1,53,349.6,24.7,35,51,340.5,23.4,34,10,346.2,23.2,34.5,10,362.4,23.6,36.1,10,341.1,23.4,34.1,69,FAIL,,,,FAIL,,,,TO,,8074.8,0
sylvainlaurent/swagger-validator-maven-plugin,2.2,12,5.5,0,960.8,60.5,466.3,1,942.4,61.4,458.3,1,936.2,60.6,455.2,1,948.8,60.5,460.9,1,979.7,59.9,474.7,1,914.3,60.7,445.2,1,FAIL,,,,FAIL,,,,TO,,39272.7,0
javacamp2022/pizza-lab,3.7,10.6,2.9,4,223,13.6,64.6,8,221.2,13.5,64.1,8,225,13.7,65.2,3,224.9,13.5,65.1,3,237,13.5,68.4,3,223.6,15.1,65.2,1241,FAIL,,,,FAIL,,,,TO,,23351.4,0
apache/dubbo-rpc-jsonrpc,5,26.1,5.2,1,661.7,50.6,141.1,46,684.1,47.5,144.9,14,639.3,43.7,135.3,2,654.7,44.5,138.5,2,798.5,46.5,167.3,2,649.8,45.6,137.7,537,FAIL,,,,TO,,17280.0,0,FAIL,,,
gturri/aXMLRPC,3,11.1,3.7,5,253.9,16.8,91.4,28,225.9,16.6,81.9,21,214.4,16.7,78.1,14,236.6,16.6,85.5,15,FAIL,,,,254.7,17.6,92,1151,FAIL,,,0,FAIL,,,,TO,,28800.0,0
rhwayfun/spring-boot-rocketmq-starter,4.8,FAIL,,,325.1,15.8,70.7,9,268.9,15.7,59,0,322.4,15.7,70.1,6,351.7,15.8,76.2,6,356.6,15.8,77.3,5,333.1,16.5,72.5,72,38478.14,26.23,8021.7,0,FAIL,,,,TO,,18000.0,0
kristofa/mock-http-server,1.9,7.6,4,0,272.5,19.1,153.4,216,337.3,17.9,186.9,210,274.1,18.4,153.9,47,260.3,17.5,146.2,46,TO,,45473.7,0,312.5,18.9,174.4,380,FAIL,,,,FAIL,,,,TO,,45473.7,0
alb-i986/selenium-tinafw,6.2,19.2,3.1,2,244.7,16.8,41.9,2,311.1,16.7,52.5,3,309.3,16.6,52.2,5,247.8,16.6,42.4,2,257.1,16.6,43.9,1,307.7,16.7,52,29,FAIL,,,,FAIL,,,,TO,,13935.5,0
eddi888/camel-tinkerforge,8.5,14.2,1.7,2,45,2.8,5.6,2,37.3,2.1,4.7,2,41.9,2.5,5.2,1,46.1,2.8,5.8,1,47.2,2.8,5.9,1,47.4,2.9,5.9,42,111.1,2.6,13.4,0,FAIL,,,,FAIL,,,
amazon-archives/dynamodb-key-diagnostics-library,6.8,19.3,2.8,4,1297.3,73.3,200.4,4,1308.6,73.2,202,4,1314.3,73.3,202.9,4,1311.5,72.7,202.4,4,1455.4,73.1,223.5,3,1301.3,73.8,201,26,FAIL,,,,FAIL,,,,TO,,12705.9,0
couchbaselabs/couchbase-capi-server,4.2,24.8,5.9,3,620.5,47.2,159,8,612.6,47.2,157.1,9,593.7,46,152.3,4,572.3,46.3,147.3,5,TO,,20571.4,0,666.4,46.2,169.7,844,FAIL,,,,FAIL,,,,TO,,20571.4,0
sahan/ZombieLink,19.9,49.5,2.5,0,1053.8,176,61.9,220,1007.5,191.2,60.3,142,994.4,122.9,56.2,13,993.8,120.6,56.1,13,FAIL,,,,908.1,110.6,51.2,399,FAIL,,,,FAIL,,,0,TO,,4341.7,0
pascalgn/jiracli,4.7,9.8,2.1,1,774.2,50.4,177.3,3,763.5,52,175.4,3,793.9,52.2,181.9,3,755.3,53,173.8,3,827.7,51.2,189,4,777.7,53.9,178.8,33,FAIL,,,,FAIL,,,,TO,,18383.0,0
wouterd/docker-maven-plugin,7.7,14.7,1.9,1,2636,203.5,369.2,5,2678.4,208.2,375.4,5,2654.2,207.4,372.1,2,2658.4,207.3,372.7,2,2675.3,212.8,375.6,2,2677.7,205.7,375,42,FAIL,,,,FAIL,,,,TO,,11220.8,0
tomekl007/manning_software_mistakes_and_tradeoffs,78.2,28.9,0.4,0,231.9,11,3.1,2,255.1,11.9,3.4,2,264.4,11.7,3.5,2,259.7,11.5,3.5,2,FAIL,,,,258.9,11.6,3.5,8,FAIL,,,2,FAIL,,,,TO,,1104.9,0
soot-oss/heros,28.2,11.8,0.4,1,321.1,23.6,12.2,0,322.8,23.8,12.3,0,324.2,23.5,12.3,0,319,23.6,12.2,0,330.2,24.1,12.6,0,331.5,24,12.6,145,FAIL,,,,FAIL,,,,TO,,3063.8,0
webjars/webjars-locator,43.8,51.4,1.2,0,FAIL,,,0,3240.2,412.3,83.4,0,TO,,1972.6,0,FAIL,,,,FAIL,,,0,2708.8,225.8,67,122,FAIL,,,2,FAIL,,,,TO,,1972.6,0
Cue/greplin-zookeeper-utils,7.2,FAIL,,,52.4,6.5,8.2,65,56.4,6.3,8.7,64,53.3,5.7,8.2,15,52.3,5.6,8,15,60.2,5.8,9.2,15,53,6.5,8.3,375,FAIL,,,,FAIL,,,0,FAIL,,,
imagej/example-script-collection,17.1,38.2,2.2,1,242.4,14.6,15.1,19,240.4,14.4,14.9,19,246.8,14.4,15.3,8,261.9,14.6,16.2,8,FAIL,,,,241.2,14.9,15,79,FAIL,,,,FAIL,,,0,FAIL,,,
twilio/authy-java,3.8,20.3,5.3,0,522.6,78.6,158.2,88,505.4,75.2,152.8,56,500.3,67.6,149.4,6,511.3,67.2,152.2,6,FAIL,,,,452.4,64.8,136.1,927,FAIL,,,,FAIL,,,,TO,,22736.8,0
sndyuk/logback-more-appenders,6.3,17.4,2.7,0,FAIL,,,,FAIL,,,,FAIL,,,,52.8,6.7,9.4,0,72,7.5,12.6,0,74.6,14,14,0,64.6,2.4,10.6,0,TO,,13714.3,0,TO,,13714.3,0
dropwizard-bundles/dropwizard-configurable-assets-bundle,4.1,21.6,5.3,2,390.9,25.2,101.2,5,390.7,25.6,101.3,5,403.1,26,104.4,5,397.2,25.3,102.8,5,FAIL,,,,360.2,29.4,94.8,318,FAIL,,,,TO,,21073.2,0,FAIL,,,
spring-projects/spring-analytics,12.2,28.9,2.4,2,2417,148.9,210,3,2390.1,145.9,207.5,2,2408.8,146.3,209.1,3,2406.7,147.2,209,3,FAIL,,,,2417.8,154,210.5,149,FAIL,,,,FAIL,,,,FAIL,,,0
dadiyang/wechat-client,26.7,14.4,0.5,3,660.4,63.7,27.2,5,676.6,64.8,27.8,5,640.5,64.3,26.4,5,652.1,66,26.9,5,FAIL,,,,667.7,64,27.4,396,FAIL,,,,FAIL,,,,TO,,3236.0,0
mariofusco/lambdaj,17.2,22.5,1.3,2,4156.9,548.2,274,21,FAIL,,,,FAIL,,,,4091.2,330.4,257.5,13,3982.4,319.5,250.5,12,4081.6,392.2,260.6,24,FAIL,,,12,FAIL,,,,TO,,5023.3,0
MagicTheGathering/mtg-sdk-java,32.4,129.2,4,0,TO,,2666.7,0,TO,,2666.7,0,TO,,2666.7,0,TO,,2666.7,0,TO,,2666.7,0,FAIL,,,,FAIL,,,,FAIL,,,,TO,,2666.7,0
imadcn/idworker,15,36.7,2.5,0,FAIL,,,,FAIL,,,,3484.4,194.4,245.6,25,3255.9,181.6,229.5,25,TO,,5760.0,0,FAIL,,,,TO,,5760.0,14,FAIL,,,,TO,,5760.0,0
fusesource/hawtjournal,13.6,82.5,6,0,FAIL,,,,268.3,18.9,21.1,0,268.7,19,21.1,0,FAIL,,,,287,19,22.4,0,257.2,19.8,20.3,21,FAIL,,,,FAIL,,,,FAIL,,,0
ManfredTremmel/gwt-commons-lang3,26.4,69.6,2.6,0,FAIL,,,0,FAIL,,,,FAIL,,,0,FAIL,,,0,FAIL,,,,FAIL,,,,TO,,3272.7,0,FAIL,,,,TO,,3272.7,0
ueshin/hbase-coprocessors,79.8,FAIL,,,TO,,1082.7,0,TO,,1082.7,0,FAIL,,,,FAIL,,,,TO,,1082.7,0,1045.8,200.5,15.6,1249,FAIL,,,,TO,,1082.7,0,TO,,1082.7,0
Mercateo/rest-hateoas-client,3.9,16.4,4.2,2,2130.2,131.6,575.5,23,FAIL,,,,FAIL,,,,2133.9,132,576.6,6,FAIL,,,,2123.4,134.9,574.6,64,FAIL,,,,FAIL,,,,TO,,22153.8,0
ohioit/rundeck-http-plugin,40.7,52.4,1.3,0,FAIL,,,,3872.3,1122.4,122.7,54,FAIL,,,,4251.9,1000.1,129,9,FAIL,,,,5174,992.8,151.5,1081,FAIL,,,,FAIL,,,,TO,,2122.9,0
michal-harish/kafka-hadoop-loader,64.4,81.7,1.3,3,FAIL,,,0,FAIL,,,,FAIL,,,,TO,,1341.6,0,FAIL,,,,FAIL,,,2427,FAIL,,,,FAIL,,,,TO,,1341.6,0
jalkanen/speed4j,82.1,FAIL,,,1035.6,173.7,14.7,11,FAIL,,,,FAIL,,,,FAIL,,,,FAIL,,,,968,155.3,13.7,49,1921.7,152.6,25.3,11,FAIL,,,,TO,,1052.4,0
rpuch/xremoting,23.2,15.3,0.7,0,191.2,43.1,10.1,0,190.3,41.9,10,0,FAIL,,,,FAIL,,,,FAIL,,,,FAIL,,,,FAIL,,,,FAIL,,,,TO,,3724.1,0
fusepoolP3/p3-transformer-library,37.1,52.7,1.4,3,FAIL,,,,FAIL,,,,FAIL,,,,FAIL,,,,TO,,2328.8,0,FAIL,,,,TO,,2328.8,15,FAIL,,,,TO,,2328.8,0
laforge49/JID,1.6,80.7,49.5,0,TO,,54000.0,0,17030.3,4477.7,13195.1,0,TO,,54000.0,0,FAIL,,,,FAIL,,,,FAIL,,,,FAIL,,,,FAIL,,,,FAIL,,,
alexec/thread-jiggler,8.5,29.8,3.5,1,FAIL,,,,FAIL,,,,FAIL,,,,FAIL,,,,56.1,4.5,7.1,2,FAIL,,,,FAIL,,,,60.7,5.6,7.8,2,TO,,10164.7,0
caduandrade/japura-framework,17.4,79.8,4.6,2,FAIL,,,,FAIL,,,,FAIL,,,,FAIL,,,,TO,,4965.5,0,FAIL,,,,TO,,4965.5,2,FAIL,,,,FAIL,,,0
mlieshoff/jcrapi,22.2,34.9,1.6,1,5150.4,472.1,253.2,226,FAIL,,,,FAIL,,,,FAIL,,,,FAIL,,,,FAIL,,,,FAIL,,,,FAIL,,,0,TO,,3891.9,0
jlinn/quartz-redis-jobstore,67.9,FAIL,,,FAIL,,,,FAIL,,,,FAIL,,,,FAIL,,,0,FAIL,,,,FAIL,,,,TO,,1272.5,52,TO,,1272.5,0,TO,,1272.5,0
Sable/heros,2.9,12.8,4.4,0,426.1,27.8,154.9,0,429.5,28,156.1,0,FAIL,,,,FAIL,,,,FAIL,,,,FAIL,,,,FAIL,,,,FAIL,,,,FAIL,,,
Graylog2/gelfclient,7.1,23.5,3.3,1,FAIL,,,,FAIL,,,,FAIL,,,,FAIL,,,,FAIL,,,,FAIL,,,,FAIL,,,3,FAIL,,,,TO,,12169.0,0
ptgoetz/storm-jms,13.1,22.3,1.7,4,FAIL,,,,FAIL,,,,FAIL,,,,FAIL,,,,FAIL,,,,FAIL,,,,FAIL,,,6,FAIL,,,,TO,,6595.4,0
datasift/datasift-java,7.8,41.2,5.3,7,FAIL,,,,FAIL,,,,FAIL,,,,FAIL,,,,FAIL,,,0,FAIL,,,,FAIL,,,,FAIL,,,,TO,,11076.9,0
cogroo/cogroo4,8.2,139.3,17,1,FAIL,,,,FAIL,,,,FAIL,,,,FAIL,,,,FAIL,,,,FAIL,,,43,FAIL,,,3,FAIL,,,,FAIL,,,
googleads/adwords-scripts-linkchecker,39.8,30.5,0.8,1,FAIL,,,,FAIL,,,,FAIL,,,,FAIL,,,,FAIL,,,,FAIL,,,,TO,,2170.9,41,FAIL,,,,TO,,2170.9,0
lusis/zmq-appender,2.5,10.4,4.2,0,FAIL,,,,FAIL,,,,FAIL,,,,FAIL,,,,FAIL,,,,FAIL,,,,FAIL,,,,FAIL,,,,TO,,34560.0,0
klangfarbe/UML-Statechart-Framework-for-Java,5.8,FAIL,,,FAIL,,,,FAIL,,,,FAIL,,,,FAIL,,,,FAIL,,,,FAIL,,,,45.7,1.4,8.1,49,FAIL,,,,FAIL,,,0
darcy-framework/synq,6.9,12.2,1.8,2,FAIL,,,,FAIL,,,,FAIL,,,,FAIL,,,,FAIL,,,,FAIL,,,,FAIL,,,,FAIL,,,,TO,,12521.7,0
Scout24/yum-repo-server,11,FAIL,,,3217.9,225,313.8,26,3230.3,225.7,315,33,FAIL,,,,FAIL,,,,FAIL,,,,FAIL,,,,FAIL,,,,FAIL,,,,FAIL,,,
microsoft/Git-Credential-Manager-for-Mac-and-Linux,20.1,37,1.8,0,FAIL,,,,FAIL,,,,FAIL,,,,FAIL,,,,FAIL,,,,FAIL,,,,FAIL,,,,FAIL,,,,TO,,4298.5,0
matzew/simple-websocket-client,14.1,20,1.4,1,FAIL,,,,FAIL,,,,FAIL,,,,FAIL,,,,FAIL,,,,FAIL,,,,FAIL,,,,FAIL,,,,TO,,6127.7,0
jrkinley/flume-interceptor-analytics,73.6,79.3,1.1,1,FAIL,,,,FAIL,,,,FAIL,,,,FAIL,,,,FAIL,,,,FAIL,,,,FAIL,,,,FAIL,,,,TO,,1173.9,0
nithril/smtp-connection-pool,3.1,FAIL,,,FAIL,,,,FAIL,,,,FAIL,,,,FAIL,,,,FAIL,,,,FAIL,,,,FAIL,,,,TO,,27871.0,0,TO,,27871.0,0
aimmac23/selenium-video-node,20.8,51,2.4,3,FAIL,,,,FAIL,,,,FAIL,,,,FAIL,,,,FAIL,,,,FAIL,,,,FAIL,,,,FAIL,,,,TO,,4153.8,0
hazelcast/hazelcast-azure,12.8,30.6,2.4,0,FAIL,,,,FAIL,,,,FAIL,,,,FAIL,,,,FAIL,,,,FAIL,,,,FAIL,,,,FAIL,,,,TO,,6750.0,0
zhangyingwei/cockroach,10.2,29.5,2.9,0,FAIL,,,,FAIL,,,,FAIL,,,,FAIL,,,,FAIL,,,,FAIL,,,,FAIL,,,,FAIL,,,,TO,,8470.6,0
jhalterman/lyra,10.5,FAIL,,,FAIL,,,,FAIL,,,,FAIL,,,,FAIL,,,,FAIL,,,,FAIL,,,,TO,,8228.6,12,FAIL,,,,TO,,8228.6,0
lialun/EasyCache,53,32.7,0.6,3,FAIL,,,,FAIL,,,,FAIL,,,,FAIL,,,,FAIL,,,,FAIL,,,,FAIL,,,,FAIL,,,,FAIL,,,0
googlegenomics/utils-java,40.8,32.7,0.8,0,FAIL,,,,FAIL,,,,FAIL,,,,FAIL,,,,FAIL,,,,FAIL,,,,FAIL,,,,FAIL,,,0,FAIL,,,
joestelmach/natty,5.3,39.9,7.5,0,FAIL,,,,FAIL,,,,FAIL,,,,FAIL,,,,FAIL,,,,FAIL,,,,FAIL,,,,FAIL,,,,FAIL,,,
ctapweb/AutoSubClause,4.4,18.7,4.3,0,FAIL,,,,FAIL,,,,FAIL,,,,FAIL,,,,FAIL,,,,FAIL,,,,FAIL,,,,FAIL,,,,FAIL,,,
davidmoten/rxjava-jdbc,6.6,26.9,4.1,0,FAIL,,,,FAIL,,,,FAIL,,,,FAIL,,,,FAIL,,,,FAIL,,,,FAIL,,,,FAIL,,,,FAIL,,,
wakaleo/maven-schemaspy-plugin,7.8,23.4,3,0,FAIL,,,,FAIL,,,,FAIL,,,,FAIL,,,,FAIL,,,,FAIL,,,,FAIL,,,,FAIL,,,,FAIL,,,
opentracing-contrib/java-grpc,10,FAIL,,,FAIL,,,,FAIL,,,,FAIL,,,,FAIL,,,,FAIL,,,,FAIL,,,,FAIL,,,,FAIL,,,,FAIL,,,0
Netflix/curator,77.9,FAIL,,,FAIL,,,,FAIL,,,,FAIL,,,,FAIL,,,,FAIL,,,,FAIL,,,,TO,,1109.1,100,FAIL,,,,FAIL,,,
fordfrog/apgdiff,2.8,19.1,6.8,2,FAIL,,,,FAIL,,,,FAIL,,,,FAIL,,,,FAIL,,,,FAIL,,,,FAIL,,,,FAIL,,,,FAIL,,,
audit4j/audit4j-core,41.6,94.9,2.3,0,FAIL,,,,FAIL,,,,FAIL,,,,FAIL,,,,FAIL,,,,FAIL,,,,FAIL,,,,FAIL,,,,FAIL,,,
treasure-data/td-logger-java,3.5,FAIL,,,FAIL,,,,FAIL,,,,FAIL,,,,FAIL,,,,FAIL,,,,FAIL,,,,FAIL,,,,FAIL,,,,FAIL,,,
nats-io/nats-connector-framework,5,FAIL,,,FAIL,,,,FAIL,,,,FAIL,,,,FAIL,,,,FAIL,,,,FAIL,,,,FAIL,,,,FAIL,,,,FAIL,,,
jclawson/hazeltask,8,FAIL,,,FAIL,,,,FAIL,,,,FAIL,,,,FAIL,,,,FAIL,,,,FAIL,,,,FAIL,,,,FAIL,,,,FAIL,,,
ImmobilienScout24/yum-repo-server,4.8,FAIL,,,FAIL,,,,FAIL,,,,FAIL,,,,FAIL,,,,FAIL,,,,FAIL,,,,FAIL,,,,FAIL,,,,FAIL,,,
osinka/camel-beanstalk,FAIL,,,,,,,,,,,,,,,,,,,,,,,,,,,,,,,,,,,,,,,
actiontech/dble,FAIL,,,,,,,,,,,,,,,,,,,,,,,,,,,,,,,,,,,,,,,
pf4j/pf4j-update,FAIL,,,,,,,,,,,,,,,,,,,,,,,,,,,,,,,,,,,,,,,
PvdBerg1998/PNet,FAIL,,,,,,,,,,,,,,,,,,,,,,,,,,,,,,,,,,,,,,,
xedin/disruptor_thrift_server,FAIL,,,,,,,,,,,,,,,,,,,,,,,,,,,,,,,,,,,,,,,
dsmiley/SOLR-2155,32.1,100.3,3.1,0,9277.5,528.6,305.6,0,9820.7,550.9,323.2,0,8814.8,497.1,290.2,0,8978.3,504.7,295.5,0,8434.4,466.8,277.4,0,FAIL,,,0,TO,,2691.6,0,TO,,2691.6,0,TO,,2691.6,0
named-data/jndn,13.7,56.0,4.1,41,11673.6,797.5,913.0,43,12578.0,866.7,984.2,43,11362.8,783.8,889.2,17,12132.3,855.6,950.8,20,11107.2,761.6,868.9,15,11300.4,783.1,884.6,189,12195.6,793.6,950.9,103,FAIL,,,0,TO,,6306.6,0
phylogeography/spread,29.4,75.1,2.6,0,FAIL,,,0,FAIL,,,0,FAIL,,,0,FAIL,,,0,FAIL,,,0,FAIL,,,0,FAIL,,,0,FAIL,,,0,TO,,2938.8,0
phylogeography/SPREAD,12.6,79.6,6.3,0,FAIL,,,0,FAIL,,,0,FAIL,,,0,FAIL,,,0,TO,,6857.1,0,FAIL,,,0,FAIL,,,0,FAIL,,,0,TO,,6857.1,0
avarabyeu/restendpoint,58.3,61,1.0,0,727.3,99.5,14.2,0,760.7,58.8,14.1,0,719.7,56.0,13.3,0,724.3,56.1,13.4,0,FAIL,,,0,1094.4,61.2,19.8,28,FAIL,,,0,TO,,1482.0,0,TO,,1482.0,0
OrderLab/OKLib,3.6,229.7,64.5,4,28069.15,4657.41,9090.7,0,26959.12,5146.92,8918.3,0,27099.78,2611.50,8253.1,0,27167.61,2441.24,8224.7,0,TO,,24000.0,0,FAIL,,,31,TO,,24000.0,18,FAIL,,,0,TO,,24000.0,0
amplafi/htmlcleaner,4.8,336.9,69.6,2,FAIL,,,0,FAIL,,,0,28061.48,2102.47,6284.2,0,FAIL,,,0,32339.15,2416.91,7240.8,0,FAIL,,,0,TO,,18000.0,0,FAIL,,,0,FAIL,,,0
javadev/jasper-xml-to-pdf-generator,58.1,33.3,0.6,1,11441.0,719.2,209.3,7,11455.9,718.5,209.6,7,11614.3,720.6,212.3,3,11523.7,721,210.8,3,13677.5,720.4,247.9,3,11381.1,838.4,210.4,793,FAIL,,,0,FAIL,,,0,TO,,1487.1,0
draeger-lab/EscherConverter,34.4,1221.5,35.6,0,TO,,2511.6,0,FAIL,,,0,FAIL,,,0,FAIL,,,0,FAIL,,,0,TO,,2511.6,1,FAIL,,,1,FAIL,,,0,TO,,2511.6,0
boundary/high-scale-lib,7.3,3791.5,520.8,0,TO,,11835.6,0,TO,,11835.6,0,TO,,11835.6,0,TO,,11835.6,0,TO,,11835.6,0,FAIL,,,0,TO,,11835.6,7,FAIL,,,0,TO,,11835.6,0
laforge49/JActor,25.4,FAIL,,0,TO,,3401.6,0,TO,,3401.6,0,TO,,3401.6,0,TO,,3401.6,0,FAIL,,,0,FAIL,,,0,TO,,3401.6,0,TO,,3401.6,0,9780.82,384.37,400.2,0
mrpdaemon/encfs-java,24.5,FAIL,,0,TO,,3526.5,0,TO,,3526.5,0,TO,,3526.5,0,TO,,3526.5,0,TO,,3526.5,0,FAIL,,,0,TO,,3526.5,0,FAIL,,,0,FAIL,,,0
caelum/vraptor4,34.5,99.7,2.9,0,FAIL,,,0,12023.1,571,364.5,45,12059.6,551.1,365.0,13,11989.5,568.7,363.5,14,FAIL,,,0,11421.6,957,358.3,190,FAIL,,,0,FAIL,,,0,TO,,2504.3,0
jghoman/haivvreo,47.1,FAIL,,0,TO,,1834.4,0,7563.3,1191.0,186.0,235,FAIL,,,0,TO,,1834.4,0,TO,,1834.4,0,7039.3,1043.5,171.7,1234,TO,,1834.4,158,FAIL,,,0,TO,,1834.4,0
coolstuffsoftware/owncloud-spring-boot-starter,98.1,638.6,6.5,1,56259.60,157.94,575.1,0,46166.06,137.12,472.0,0,46790.43,72.82,477.7,0,TO,,880.7,0,TO,,880.7,0,49832.21,104.57,509.0,34,FAIL,,,0,FAIL,,,0,FAIL,,,0
pagehelper/Mybatis-PageHelper,47.5,185.1,3.9,0,63801.81,4985.77,1448.2,0,57747.39,5710.17,1335.9,0,57475.86,5783.10,1331.8,0,58088.90,5849.60,1346.1,0,64564.75,6855.59,1503.6,0,FAIL,,,0,FAIL,,,0,FAIL,,,0,FAIL,,,0
NovatecConsulting/BeanTest,42.9,FAIL,,0,TO,,2014.0,0,39017.91,3365.77,988.0,0,FAIL,,,0,FAIL,,,0,TO,,2014.0,0,FAIL,,,0,FAIL,,,0,FAIL,,,0,TO,,2014.0,0
alexnederlof/Jasper-report-maven-plugin,14.1,1281.9,90.9,0,FAIL,,,0,77518.97,5347.85,5877.1,0,FAIL,,,0,TO,,6127.7,0,FAIL,,,0,FAIL,,,0,FAIL,,,0,FAIL,,,0,TO,,6127.7,0
Terracotta-OSS/ipc-eventbus,31.8,34.9,1.1,9,FAIL,,,0,34.0,12.8,1.5,0,FAIL,,,0,FAIL,,,0,34.4,0.8,1.1,0,FAIL,,,0,FAIL,,,0,FAIL,,,0,FAIL,,,0
graphaware/recommendations-meetup,105.3,FAIL,,0,TO,,820.5,0,TO,,820.5,0,FAIL,,,0,FAIL,,,0,FAIL,,,0,FAIL,,,0,FAIL,,,0,FAIL,,,0,FAIL,,,0
bingo-oss/sso-client,32.9,41.0,1.2,0,FAIL,,,0,FAIL,,,0,FAIL,,,0,FAIL,,,0,FAIL,,,0,FAIL,,,939,FAIL,,,0,FAIL,,,0,TO,,2626.1,0
jitsi/otr4j,49.6,37.9,0.8,1,FAIL,,,0,FAIL,,,0,FAIL,,,0,FAIL,,,0,FAIL,,,0,FAIL,,,0,FAIL,,,49,FAIL,,,0,FAIL,,,0
metamx/emitter,14.7,290.6,19.8,5,FAIL,,,0,FAIL,,,0,FAIL,,,0,FAIL,,,0,FAIL,,,0,FAIL,,,0,FAIL,,,0,FAIL,,,0,TO,,5877.6,0
mrpdaemon/encfs-java,24.50,FAIL,,0,FAIL,,,0,FAIL,,,0,FAIL,,,0,FAIL,,,0,FAIL,,,0,FAIL,,,0,FAIL,,,0,FAIL,,,0,FAIL,,,0
